Date,Close,High,Low,Open,Volume,ret,range_pct
2022-01-03,144.92950439453125,145.7720157769295,142.96663504112357,143.2803407435041,13120900,,1.9356864204606936
2022-01-04,150.4237823486328,151.09599730144583,147.19714510463092,147.26884967408077,20195800,3.7910003053242214,2.591912087264671
2022-01-05,147.6737060546875,151.80330581760188,147.6286203542225,151.31641602396266,17539400,-1.8282190827854206,2.8269660015394877
2022-01-06,149.2425537109375,150.910614071511,147.75480858271672,150.49585876901557,14047500,1.0623744051422523,2.114548036283698
2022-01-07,150.72128295898438,151.05489230050952,148.82779404291946,149.37780644172148,13913300,0.9908227990462981,1.4776269242586766
2022-01-10,150.8656005859375,152.65989331082002,149.25162316325955,152.4435039415942,12922500,0.09575132597059444,2.2591433264596463
2022-01-11,151.0188446044922,151.9475521123548,149.95488001521278,151.7131120078545,11854100,0.10157651443372107,1.3194857253481769
2022-01-12,151.87542724609375,152.9123294773183,150.7393282273638,151.8934642763877,12568000,0.5672024864479042,1.4307786910343558
2022-01-13,151.6860809326172,153.1107037210954,151.3795201923459,151.78526396720187,13623400,-0.1246721190583111,1.14129359668706
2022-01-14,142.3629150390625,145.19412327301816,141.47026782608924,144.95067153162142,40158400,-6.1463555760902455,2.6157482416731535
2022-01-18,136.3939208984375,140.46039684637105,135.73570011499064,140.46039684637105,32324800,-4.192801291675707,3.464008293227784
2022-01-19,134.28407287597656,137.25955042976855,133.94145179980714,136.66446592559012,22380000,-1.5468783422041166,2.4709547148052136
2022-01-20,133.13893127441406,135.79882177428496,132.86843090397187,134.33813903540556,14860800,-0.8527754461395753,2.201002248000046
2022-01-21,130.8126678466797,133.00369225221422,130.08232637816818,132.99468061665783,20705400,-1.7472450811098161,2.2332438609615872
2022-01-24,130.69546508789062,131.17334324183742,125.84454917975961,128.28803728643487,28471400,-0.08959587837963356,4.077260108829541
2022-01-25,132.12005615234375,132.40859355763388,126.94452995027333,129.52327453761563,18915900,1.090008030114209,4.135680657795128
2022-01-26,133.37335205078125,135.76275583917501,131.6061087193144,134.09468175592315,20709100,0.948603819084326,3.1165499374102854
2022-01-27,131.02005004882812,135.5914671882387,129.95609917114837,134.72586860719565,17536800,-1.7644469196943624,4.3011493393493385
2022-01-28,132.1921844482422,132.3274277518888,128.18881756166175,130.01017201401646,14117000,0.8946221581942915,3.13075255356526
2022-01-31,133.98654174804688,134.15784541244645,130.44301448985382,131.31762487824682,13985700,1.3573853153983073,2.7725403418338295
2022-02-01,136.28573608398438,136.5742735335015,133.716016495559,134.0676629132687,14584900,1.7159890134794242,2.0972532563357493
2022-02-02,135.19473266601562,136.09639153266028,133.5086349880213,135.69965943002106,12441100,-0.8005264889176855,1.9140956852451925
2022-02-03,134.07664489746094,136.73653529016707,133.7069615313582,135.24880395000494,12474900,-0.8270202148457972,2.2595835099586776
2022-02-04,137.55706787109375,138.40462936624814,134.13978698465868,134.43733604731216,16654400,2.595845813634856,3.100416756183035
2022-02-07,138.01690673828125,138.5128080272162,136.015223281197,138.19723573045943,12572300,0.3342895238348742,1.809622317326192
2022-02-08,140.61370849609375,142.89490450641233,139.5768062216666,139.75713525745087,20411400,1.8815098955498044,2.359726032570933
2022-02-09,141.1997528076172,141.9481173942704,140.4964601477551,141.19072741568345,9131100,0.41677608662153975,1.0280876684629714
2022-02-10,140.61370849609375,143.3908196734867,139.95550132428062,141.25389239508493,16455600,-0.41504627300723573,2.443089216512285
2022-02-11,138.7833251953125,142.63341224429925,137.92675206010665,140.3071308163931,16830000,-1.3017104237970534,3.391372974792775
2022-02-14,137.49395751953125,138.5669199514389,135.53735954385735,137.7103468296604,17026500,-0.9290508596524139,2.2034134897536877
2022-02-15,139.50466918945312,140.60469417240373,138.7202303317611,139.31531476265337,9500000,1.4624000255692993,1.350824923346084
2022-02-16,139.75711059570312,140.74894075483203,138.62102548833636,138.62102548833636,9076500,0.1809555247983763,1.5225810389364907
2022-02-17,136.53819274902344,138.61201085107288,135.85293697750177,137.9538037443335,11367500,-2.303222950846162,2.020734138939923
2022-02-18,137.17840576171875,138.9817238412777,136.26773508450253,137.169394124282,11733300,0.4688893267190908,1.9784373070273253
2022-02-22,136.93492126464844,138.17020320971827,135.61850708557432,135.78982446353288,11333500,-0.1774947709286323,1.863437098862742
2022-02-23,134.06765747070312,138.22430534628506,133.418461993867,138.0619995979649,11799000,-2.093887934111327,3.584640354791202
2022-02-24,130.33480834960938,130.73154050224386,126.03389116142081,128.88313684104642,25655100,-2.784302486906254,3.6042937418698613
2022-02-25,133.41847229003906,135.36605887084664,130.65939817967333,130.965958912331,18367700,2.3659557868517256,3.527742905751071
2022-02-28,127.85523986816406,130.79464304637324,127.0257152980846,129.43314300606187,31315300,-4.169761747669442,2.947808593668045
2022-03-01,123.03132629394531,126.6650097374704,120.44357023955227,126.26827770999135,36840400,-3.7729494537672825,5.056793001689602
2022-03-02,125.58303833007812,126.26829407475877,123.17561095119638,123.78873233987564,19405600,2.074034404893177,2.4626598979343797
2022-03-03,124.69039154052734,127.11585595551155,123.58135504977642,126.08796545618155,16640800,-0.7108020329979481,2.8346217074683997
2022-03-04,121.18295288085938,122.10264882804157,119.37963504776192,121.66985640040068,21016000,-2.8129181537841053,2.2470270904825744
2022-03-07,116.50333404541016,119.64110266746358,116.26889396332922,119.17223626152247,27560100,-3.8616147933364653,2.8945169095503833
2022-03-08,115.6828384399414,118.82961916353426,114.7541240039746,116.8910580516259,19207800,-0.7042679183318024,3.5229902849207178
2022-03-09,120.31735229492188,121.94034088415977,119.41569349625875,119.83044883903979,17536200,4.006224188029894,2.0983235915236875
2022-03-10,118.89273834228516,120.32637263388989,117.50418974551918,118.89273834228516,15604200,-1.1840469603625503,2.373721833410723
2022-03-11,116.21481323242188,120.89442505071693,115.79103245546727,119.46079072436721,20061800,-2.25238744367523,4.391344316015218
2022-03-14,117.36892700195312,119.84848875808423,116.52136550945103,116.72875694406528,15786900,0.9930866276256056,2.834756467167697
2022-03-15,119.45175170898438,120.4165332106553,118.23452060697463,118.83863034054471,15096600,1.77459636058237,1.8266894980298216
2022-03-16,124.78956604003906,124.87072578414013,121.20997968629607,121.60671173933873,20354900,4.468594436403905,2.9335354020459596
2022-03-17,126.36749267578125,126.40356673734074,122.55347928015323,123.40104086989797,17050500,1.2644700080421067,3.0467388215619753
2022-03-18,126.32240295410156,126.99864705180399,124.84368307745446,126.40354894385273,23656500,-0.03568142464880353,1.7059238297837953
2022-03-21,125.9166488647461,126.91749070650725,125.08712440031135,126.54782104610062,12676100,-0.32120517015726824,1.4536332746291512
2022-03-22,128.59457397460938,129.77574480424462,127.7830865558708,128.2790016487539,13548600,2.1267442661532243,1.5495663516621418
2022-03-23,126.03390502929688,127.66590576184267,125.51094111221039,127.11589317302979,12093200,-1.9912729333494972,1.7098293107171043
2022-03-24,126.85437774658203,126.87241477473805,125.42975520312606,126.50273136775705,10017600,0.6509936489664803,1.1372564331157697
2022-03-25,127.96343231201172,129.09951759857628,126.95357872395434,127.21505375721088,8383500,0.8742737815838453,1.6769938378876321
2022-03-28,127.01667785644531,127.10684924477648,124.33874997003147,126.23223905920848,10818100,-0.7398632863003796,2.1793195361899853
2022-03-29,127.29618835449219,129.47821485328035,126.44864060228315,129.25280014340922,11316500,0.2200581079303543,2.379941057276982
2022-03-30,126.71912384033203,128.14374641939918,126.15108814232102,127.94538037938845,8771000,-0.45332426808660786,1.5725000431576077
2022-03-31,122.9141616821289,126.54784635732975,122.8600505851331,126.0789798242709,17353900,-3.002673979183623,3.0003017729834442
2022-04-01,122.00346374511719,123.89695294131533,120.6419637569858,123.88792754703877,15721300,-0.7409218958567942,2.6679481749220435
2022-04-04,122.5444564819336,123.47316398826104,119.82144292759713,120.93047945062679,17416400,0.44342408011186496,2.9799153429696483
2022-04-05,121.11837768554688,122.98956089527793,120.81862301696778,121.78147764643658,12110300,-1.16372362922591,1.7924099709677792
2022-04-06,119.43794250488281,120.40986162764926,118.95652216048553,119.51968999124358,12914700,-1.3874320419209107,1.216815558510073
2022-04-07,119.07457733154297,119.82850303127752,116.93088915525023,118.94740997617824,12994200,-0.30422926393343097,2.433444603342474
2022-04-08,121.25460052490234,121.6270102785823,119.4379161959604,119.60141113266846,13126900,1.830804897412719,1.8053699184570955
2022-04-11,120.80950927734375,122.53535386579657,120.41892879498296,120.80950927734375,10466400,-0.3670716373909366,1.7518696032072314
2022-04-12,119.48335266113281,122.2447213064515,118.72034837500725,120.02836364276821,12989900,-1.0977253563429934,2.949676965827813
2022-04-13,115.63197326660156,117.4032379137628,114.4602109115174,115.3049694963408,30838000,-3.2233606680373006,2.5451671532578155
2022-04-14,114.56013488769531,116.54032140511848,113.560952800384,114.90530247142894,18835200,-0.9269394516298823,2.600702772963026
2022-04-18,116.6856460571289,117.39415187006067,114.0332815447342,114.1513635368558,11834400,1.855367202139968,2.880277428194555
2022-04-19,119.10183715820312,119.28351670517229,116.47672848285896,116.67656489636225,15015400,2.070684083877161,2.3566288222616323
2022-04-20,119.5196762084961,121.27277011702424,119.30166907646961,120.3735201503462,13430200,0.35082502525796144,1.649185391965204
2022-04-21,118.59314727783203,120.63691708761141,118.04815031134484,120.10099855282863,12174200,-0.7752103754429363,2.182897440272648
2022-04-22,115.18689727783203,118.55685367305101,115.07790062533283,118.33884650784758,14318800,-2.8722148607963516,3.020268042576845
2022-04-25,115.15055847167969,115.46848384326267,111.82602902203489,114.46022326449364,17149000,-0.03154769076268993,3.163210729997126
2022-04-26,111.7442626953125,114.82354935774018,111.60801689927274,113.21577966345569,17209500,-2.958123539804569,2.877581703890309
2022-04-27,110.29093933105469,112.23479163225309,110.10927361191769,111.11753429236488,17215200,-1.3005798500997923,1.927191873808733
2022-04-28,112.03492736816406,112.31651817204957,110.0365772333767,111.55350709488083,13015600,1.5812613870977543,2.035026926184035
2022-04-29,108.41973114013672,112.2801856893102,108.00189453819128,111.7715162486986,14874800,-3.226847477793471,3.9460447891989916
2022-05-02,109.40983581542969,109.64600677231947,107.38423620894734,108.89208094116131,18545000,0.9132144720163771,2.067246099507586
2022-05-03,111.75335693359375,112.78886664634277,109.70958666946774,110.39084342417641,15720900,2.141965665790324,2.7554250372136946
2022-05-04,115.4502944946289,115.72279993200529,111.48992187067219,111.54442711620815,17128500,3.308122156215809,3.6664073312779837
2022-05-05,112.561767578125,114.54195391848384,110.96309024158118,113.76986440831988,15055400,-2.501965827933239,3.1794664866280624
2022-05-06,112.3801040649414,112.89785886925199,110.07291392272015,112.45277310802744,14417900,-0.1613900679531377,2.513741173348073
2022-05-09,110.69058990478516,112.02585415446022,109.45524385951447,110.91767547295842,14312300,-1.5033925926780878,2.322338599113947
2022-05-10,107.9928207397461,112.43461424815578,106.78472375882266,111.82602654081015,16382400,-2.4372163590054563,5.231727859899959
2022-05-11,107.31155395507812,111.62617968658363,107.12988827526584,108.36523430227344,14630300,-0.6308445135531415,4.189941572554233
2022-05-12,107.2207260131836,107.47506074857978,104.79545373338196,106.27604918878221,16318800,-0.0846394806029438,2.499150224806666
2022-05-13,108.17449188232422,109.22817238101437,107.14806747661602,108.46516809997871,10443200,0.889534985076823,1.9229162700030622
2022-05-16,107.42057037353516,108.51057844302753,106.48497884336876,107.67490512774322,10269000,-0.6969494338916804,1.8856719831361102
2022-05-17,110.98126220703125,111.69885345380604,109.73683076438104,109.94575254209087,11160200,3.314720654632941,1.7678864435375772
2022-05-18,109.08282470703125,110.79051268549689,108.57415523094456,110.18192500087862,12664900,-1.7105928174240281,2.0318115711661395
2022-05-19,107.4659652709961,108.68314744311088,106.84829228740826,107.35696864042839,12765800,-1.4822309931720512,1.7073825662624318
2022-05-20,106.58488464355469,108.70132391518301,104.47753073556694,108.51057285934253,13150100,-0.8198694584090838,3.9628444443519735
2022-05-23,113.1794662475586,114.96890195700226,109.40984374854162,109.41892911333908,24376700,6.1871639923970045,4.911719760456598
2022-05-24,114.77812194824219,115.8045461483649,111.82600977247485,112.96143753238536,19324900,1.4124962360105409,3.466284609260406
2022-05-25,115.57748413085938,116.1406589092879,113.69721565478174,114.70547626529753,12780400,0.6964412459873337,2.1141170123928545
2022-05-26,117.57582092285156,118.25707759798225,116.45856385649397,116.60388808010126,15990900,1.7290018094957116,1.529662925057006
2022-05-27,119.23809814453125,119.23809814453125,117.30332460146062,118.22983763253434,11177800,1.4137917206382022,1.6226135548769405
2022-05-31,120.1100845336914,120.94575768965635,117.8210721822143,118.2479802623708,17015000,0.7312984714861859,2.601518032039653
2022-06-01,118.00273895263672,120.69142411258868,116.87638963091506,120.69142411258868,10768000,-1.7545117791200715,3.2330050264383083
2022-06-02,119.90116882324219,119.91024725545007,116.87638767379528,117.99364468424623,8374800,1.60880153075722,2.5303002559777363
2022-06-03,118.22985076904297,119.69228259559758,118.0754342234074,119.18361306639687,8596000,-1.393913062401475,1.3675466573569661
2022-06-06,117.83924102783203,120.25543483803257,117.59399858965477,119.07458709272977,11323500,-0.330381657990908,2.258531390022447
2022-06-07,118.14810180664062,118.3751874050756,116.83099424755386,117.02175224872943,6722200,0.26210350314088693,1.3069978560035906
2022-06-08,116.267822265625,117.58491591768689,115.26864705405023,117.1761646270752,8422100,-1.591459796868222,1.9921839237213135
2022-06-09,113.8243637084961,116.35864631606303,113.78802918733766,115.69555343259873,13560100,-2.101577641616603,2.258406763694913
2022-06-10,108.59231567382812,112.08943185093531,108.38339391302014,111.35366993687344,12945200,-4.596597656427259,3.4127994369755976
2022-06-13,105.3586196899414,107.13896973681463,104.5138610877417,106.14887997267715,16805600,-2.9778313169042003,2.4915936226179958
2022-06-14,103.60551452636719,106.56671219347837,102.84251036495894,104.95894946473875,13357900,-1.6639408989349014,3.5945980728387115
2022-06-15,104.831787109375,106.23062813874016,102.7970953882768,105.02253815883388,14083500,1.1835977926597074,3.275278276884683
2022-06-16,103.03327178955078,103.78719759414219,101.61625995834926,103.42385927252326,16724900,-1.7156202039632862,2.107025816114181
2022-06-17,102.66993713378906,104.12328354205479,101.87968370591143,103.13319368364644,30919900,-0.35263818128947744,2.1852549039936866
2022-06-21,105.21329498291016,106.30330301967207,104.49570370216942,105.24962950814916,11680500,2.477217694023559,1.7180331799286952
2022-06-22,104.62287139892578,105.54937754002775,103.90528011596642,104.35036592384174,9842700,-0.5611682288633513,1.5714512535145442
2022-06-23,103.47835540771484,104.62286867108389,101.26200485988664,104.46845213994337,11851500,-1.0939443507021585,3.247890631770399
2022-06-24,106.56671905517578,107.02089020814364,102.48826404195286,102.85160235034752,14841100,2.984550377992079,4.253322431597033
2022-06-27,105.71288299560547,107.63857132340105,105.04071157924665,107.23889846119197,11280500,-0.8012220580125295,2.4574675011582077
2022-06-28,105.20420837402344,108.35615736765895,105.00437195262492,106.88464029835333,11590900,-0.4811850809169349,3.185980358426078
2022-06-29,104.73187255859375,106.11254983957924,104.21411771196144,105.36770941231696,9338400,-0.4489704572942843,1.812659395119384
2022-06-30,102.2884292602539,103.62369358013135,100.76241388469425,102.79709874207315,15172600,-2.3330465107198606,2.797266236396197
2022-07-01,103.59644317626953,103.93252539553801,100.97133445607687,102.32476255687853,10573600,1.2787506128260295,2.8583905476587277
2022-07-05,103.202392578125,103.28486316209828,100.16002085455565,101.50708933260327,12514200,-0.38037077921107,3.027877774419902
2022-07-06,102.53343200683594,103.54144540722169,101.5254186064502,102.38681530801372,10656200,-0.6482025799766755,1.9662141033541876
2022-07-07,105.1268081665039,105.29175636516825,103.91719037343343,104.00882670793492,10347400,2.5292981117564395,1.3075313668400694
2022-07-08,104.79690551757812,105.97903303891945,104.10962256271016,105.53001013266544,8807800,-0.3138140067976414,1.7838412947181255
2022-07-11,103.42233276367188,104.67777206172161,102.83585190697502,104.05463527755578,7939500,-1.3116539530603655,1.7809694536242193
2022-07-12,103.52312469482422,105.54831729750768,102.8724977765198,103.16573817619788,11250900,0.09745664061036052,2.5847553663743574
2022-07-13,102.5517807006836,103.07411544994838,101.14971764501159,102.40515698581454,12979900,-0.9382869740495625,1.876513300684169
2022-07-14,98.96875,99.1795198586252,97.19097577200995,98.95958426925871,26204800,-3.4938746808710563,2.0092646280924527
2022-07-15,103.50480651855469,104.35703763188111,98.66633580730928,100.03174292947327,18863900,4.583322026957681,5.49800730611645
2022-07-18,102.4417953491211,106.1531183549785,101.98360680582495,105.17259515198083,13977900,-1.027016237398637,4.0701273683694055
2022-07-19,104.98016357421875,105.32839136408279,103.24821132815673,103.6697439762107,11862300,2.4778638605921666,1.9814981850884803
2022-07-20,104.96184539794922,105.14511804151188,103.99048780254137,104.55863719242753,11667500,-0.01744917863133466,1.1000475788062616
2022-07-21,105.6766128540039,105.86905121689188,103.88968020475653,104.87020347741586,11595900,0.6809783625132848,1.873045472104522
2022-07-22,105.1634521484375,106.528852254145,104.16459733908393,105.60330930062356,7645500,-0.4855953381807887,2.248171647811578
2022-07-25,105.5849838256836,106.72128961463426,105.17260988411208,106.15313322445726,9394000,0.4008347659138378,1.4667613465556684
2022-07-26,103.93548583984375,105.9148636714566,103.57809934103625,104.99848659935485,10675100,-1.5622467571364984,2.248283453469509
2022-07-27,105.6032943725586,106.06148291963491,103.82552756405607,104.47615446193618,9337400,1.6046574653865608,2.1173159122201204
2022-07-28,105.20925903320312,106.28142561908834,104.03629739225805,105.61246721905407,10384800,-0.3731278855424236,2.133964488925586
2022-07-29,105.71327209472656,106.7579415211145,105.19093738153259,105.92403493104177,12944500,0.4790577047637745,1.4823154259928353
2022-08-01,104.65943145751953,105.48417227500013,103.614762085845,104.92518166489677,14740400,-0.9968858368726963,1.7861841624029002
2022-08-02,103.02828979492188,104.8335540136538,102.88166608574011,104.39368987751172,14942900,-1.5585233360069672,1.8945164787253357
2022-08-03,104.10961151123047,104.55863436981966,102.36849347877467,103.96298780721595,14394500,1.049538644639214,2.1036875070931718
2022-08-04,102.96412658691406,103.84384772183773,101.73617769616081,103.4131493868288,18033900,-1.1002681766734246,2.046994516966837
2022-08-05,106.07981872558594,106.47386117188196,102.68006040587031,103.11991751391076,14174600,3.025997735280983,3.5763642996277203
2022-08-08,104.78773498535156,106.94122008030686,104.63195253399046,106.52885312284432,10332500,-1.2180297400175788,2.2037574785247735
2022-08-09,105.7315902709961,106.29058087711556,104.80605440763335,105.15427519857553,10233800,0.9007306874000864,1.4040519637293631
2022-08-10,108.48988342285156,109.38793604972761,107.67430836983057,108.09584099341652,12847300,2.6087691907270116,1.579527625832159
2022-08-11,110.09354400634766,111.06490149308424,109.33294933698859,109.87361546039648,11684900,1.4781660122590745,1.5731641412104833
2022-08-12,111.9171371459961,112.02710491926354,109.45208740335796,110.57922736588773,9906700,1.656403339639323,2.300825040356828
2022-08-15,112.21955108642578,112.45781111604711,110.51508893491008,111.00993346193754,8456200,0.27021236259392456,1.7311797831385398
2022-08-16,113.29170227050781,113.85069288013405,111.67888355259205,112.06376026995359,9555000,0.9554049839820777,1.9170065274121673
2022-08-17,112.33866882324219,112.86101049821654,111.51393500074147,112.07292560842028,8149300,-0.8412208733434512,1.1991200461833966
2022-08-18,111.46812438964844,112.2287191595586,110.46927657654501,112.01794932291477,9531800,-0.7749285644140014,1.5784266512489848
2022-08-19,108.70983123779297,110.87248211878685,108.23331814143664,110.53342700895374,13464500,-2.474512930901729,2.427714170190619
2022-08-22,106.91372680664062,107.36275667080531,105.84156715495577,106.98703866096179,8967600,-1.6522005514142735,1.4228196521487813
2022-08-23,105.8598861694336,107.48187765356658,105.73159392668218,106.93205275728873,7607000,-0.9856925473311406,1.6533965699556823
2022-08-24,106.1164779663086,106.67546859344074,104.8793632066996,105.64912365693193,9771300,0.2423881284590701,1.6925791556250107
2022-08-25,108.63652801513672,108.81063494205793,106.00652273671885,106.44638690196994,10758900,2.3747961646712668,2.5811872457378
2022-08-26,105.08096313476562,109.95608915495758,105.01681701573952,109.47041039784526,11276200,-3.27289995854404,4.7004442973019565
2022-08-29,104.82437896728516,105.25507733547249,103.97214795977054,104.46699244717283,8117300,-0.24417759394858018,1.223884547031131
2022-08-30,104.84270477294922,105.91486427548622,103.8805060451941,105.38336389269955,10745400,0.017482388967726692,1.9403908309097904
2022-08-31,104.21957397460938,105.41086004766464,103.86218046214988,104.90685682147296,10738300,-0.5943482664714894,1.4859776589492306
2022-09-01,104.9343490600586,105.04430984320028,102.5517698761506,103.81636782209952,9979800,0.685835739093843,2.37533275745875
2022-09-02,104.20124053955078,107.62848897994999,103.72472751765136,106.18061845683108,10666600,-0.6986354106873205,3.74636755002635
2022-09-06,104.22874450683594,105.15428746960802,102.69839620591223,104.76941070974759,9751900,0.02639504783508162,2.3562514115621127
2022-09-07,106.20812225341797,106.400560632565,103.33069831328994,103.66975341356657,10647900,1.8990708906142517,2.8904214236555403
2022-09-08,108.68233489990234,108.85644880575724,105.04431628461859,105.6399628649719,11435000,2.329588918426384,3.507591665793404
2022-09-09,109.20466613769531,110.01108252523977,108.74647755073704,109.17717594110229,9299700,0.4806036218066634,1.1580136813093689
2022-09-12,110.49675750732422,111.38564445406696,109.77281872586778,110.53341343198815,8614600,1.183183297314172,1.459613625397359
2022-09-13,106.65714263916016,108.97557585589206,106.09815198318093,108.19665662766957,12904600,-3.47486655245024,2.6978257634802425
2022-09-14,106.40972137451172,107.98588426193879,105.27340862985554,106.9412148290217,9345700,-0.2319781484166561,2.5490863024973325
2022-09-15,108.01338958740234,109.39711420894467,106.07983301961674,106.40972939080126,10821400,1.5070692716565581,3.0711758995801617
2022-09-16,107.28944396972656,107.58268439329363,105.72243980084595,107.57351866372503,14844100,-0.6702369219604765,1.733856121924337
2022-09-19,108.27913665771484,108.80147139821824,105.85073560430655,106.29975848860512,8201300,0.9224511297379223,2.7251194320466086
2022-09-20,106.14397430419922,107.84843648040561,105.05348318302326,107.59185197928264,9619000,-1.9719055945792818,2.6331718928973404
2022-09-21,103.08326721191406,106.84957798801601,103.01912108885114,106.79459759436294,12606300,-2.8835429541327007,3.7158861983782363
2022-09-22,101.91030883789062,104.10044981376129,101.78201658761057,103.89884570863457,11684500,-1.1378746577872079,2.274974193080568
2022-09-23,100.01338195800781,101.1130315255739,98.19895947238363,100.84728835667656,18138600,-1.8613689836817882,2.9136821454690796
2022-09-26,97.85993194580078,100.4441156320709,97.19097344577945,98.96874763121912,15753600,-2.1531618769888072,3.3242841289662777
2022-09-27,96.99853515625,99.12453019833698,95.8988852001858,98.7396534128549,12793600,-0.8802344048510657,3.325457433924291
2022-09-28,98.95955657958984,99.63768063661925,96.80607189061794,97.0901465414749,12762600,2.021702101151246,2.861379783693695
2022-09-29,97.28260040283203,98.30893832370536,95.6697746810847,98.00653218998973,12713900,-1.6945873998627792,2.712883528701222
2022-09-30,95.76141357421875,98.62051284089952,95.66977725616037,97.19095971185767,15973400,-1.5636782141043581,3.0813408810556213
2022-10-03,98.7213134765625,99.29862856433786,95.72475627994065,96.78775713014613,12248100,3.0909108291824916,3.620162818483657
2022-10-04,103.33985137939453,103.54145547735958,100.67319742455584,101.36048030867137,16013600,4.678359454697212,2.7755585231813638
2022-10-05,102.06393432617188,102.58169457944794,100.6215981612146,101.47220630701226,10943500,-1.2346805575889075,1.9204593975079736
2022-10-06,99.98363494873047,101.87901832146568,99.79872259458983,101.20407482633946,11521400,-2.0382316154825775,2.080636224060646
2022-10-07,97.98656463623047,99.58607711790108,97.33010948849666,99.41040542591979,11681100,-1.9973971875738017,2.3023234233994985
2022-10-10,97.07123565673828,99.21625176953084,96.63668379292143,98.6800030317992,8931700,-0.9341372288030447,2.6573968685545917
2022-10-11,94.2697525024414,96.65515988036684,94.16804859496717,96.49798367934446,12739700,-2.8860075132899676,2.6382919434685608
2022-10-12,95.7953109741211,96.83083853679516,93.64104740244561,94.12183082774065,13181000,1.6182905239304324,3.3297988199143314
2022-10-13,101.12088012695312,101.61090428058591,94.08485617010588,94.28826401967913,22398700,5.559321326563382,7.4426252036487295
2022-10-14,102.80359649658203,106.5481246562342,102.36904469529462,103.51551683527647,33387100,1.6640642046591436,4.065110660869261
2022-10-17,107.12136840820312,108.1846321443908,105.69752062163202,106.70531205897753,22276300,4.200020289917239,2.321769745585441
2022-10-18,109.87660217285156,111.07855372572234,108.13840193164204,110.6347612213072,21539700,2.572067371422282,2.6758670507985216
2022-10-19,107.72235107421875,109.86736709890063,106.94570357092692,109.0907195956088,17072000,-1.9606094983205535,2.7122166373445866
2022-10-20,107.37097930908203,109.75638643705312,106.92718689929166,108.32329825691161,12207400,-0.32618278531131306,2.6349760018647412
2022-10-21,113.01092529296875,113.15885378191355,107.55592559275252,107.67611793089235,20593300,5.252765710231033,4.957864184047729
2022-10-24,113.14960479736328,113.81530062515023,112.17880426013637,112.86298850360413,12624200,0.12271336070828198,1.4463120467319477
2022-10-25,113.44546508789062,113.97247309186447,111.7719848927018,112.65957694918643,11289100,0.2614770869568517,1.9396881113386715
2022-10-26,114.74913024902344,115.75691472354174,113.61189864224399,113.72285030391559,11667000,1.149155816958225,1.869309228438365
2022-10-27,115.20216369628906,116.6814838278041,114.84157963466836,115.75690786386285,10727600,0.39480338219772815,1.5971090595019832
2022-10-28,116.5705337524414,116.75544611496414,114.6936457624132,115.840117928754,11859500,1.1877989199576389,1.768714859734238
2022-10-31,116.3856201171875,117.81871568676551,116.11749224044269,116.21919616106848,13295200,-0.15862811063952487,1.4617127481985177
2022-11-01,118.48440551757812,118.60460490882323,116.8016845796955,117.30095645252047,13386900,1.8033030182572185,1.5216520024318745
2022-11-02,117.39341735839844,120.52772947439159,117.08830558152526,118.02212932864234,16546100,-0.9207862877936512,2.929826876379172
2022-11-03,117.6060562133789,118.51213668025758,116.41335946366476,116.78318419482487,12474400,0.18113354203779242,1.7845826007335024
2022-11-04,120.82357025146484,120.9622650993863,118.77102475973022,119.72333679557534,14953200,2.735840433462222,1.8135868151351122
2022-11-07,121.46154022216797,122.31214841852203,120.63866817618016,121.1194516290445,12011200,0.5280178109083655,1.377786120018623
2022-11-08,121.53550720214844,122.09949910244408,120.32431495099945,121.34135415084721,9884100,0.060897449386176916,1.460630059733896
2022-11-09,119.95448303222656,121.51700446153708,119.47369961125709,121.41531465554665,9494000,-1.3008742928864225,1.7034001553164524
2022-11-10,124.8917236328125,125.04889985465292,122.53405208938683,122.62651532948576,16351600,4.115928371980493,2.013622433989183
2022-11-11,125.09514617919922,125.8995228525547,123.68978659037667,124.99344224629934,10704700,0.16287912478876176,1.7664444462238142
2022-11-14,123.80998992919922,125.49271110857165,123.80998992919922,124.63286210047784,11085600,-1.0273430178969645,1.3591158357533997
2022-11-15,122.91312408447266,125.47420331271755,121.67419574742465,124.52187714341568,14038300,-0.7243889166289708,3.091620682166802
2022-11-16,123.0795669555664,123.4863827002635,122.07178238396519,122.9686223371624,7893400,0.13541505216265737,1.1493380674706237
2022-11-17,122.54328918457031,122.866896407538,121.37832857612338,122.04402438321,8820200,-0.4357163290879096,1.2147281514311123
2022-11-18,123.74524688720703,124.51264665043922,122.30291060273589,124.42019751635594,9468500,0.9808433498356361,1.7857138785439493
2022-11-21,123.01483917236328,124.41094384841742,122.73746355179416,123.65279886729925,7800500,-0.5902511273903843,1.3603889643577411
2022-11-22,124.85472869873047,125.06739132257165,123.60655964478981,123.89317592885227,9185700,1.4956647008977697,1.1700251107883701
2022-11-23,126.18614196777344,126.20463743995792,124.68833320279798,124.76230098362427,7316200,1.0663699188002917,1.2016408565270114
2022-11-25,126.42654418945312,126.79636899563921,125.79782508944234,126.18614536831133,3220500,0.19051396447407054,0.7898214038821868
2022-11-28,124.21678161621094,126.39878137141969,124.06884608177768,125.80705334159573,9906900,-1.7478628300800603,1.8757008991270954
2022-11-29,126.2601089477539,126.33407672811104,124.2722759918354,124.50342001498461,7925300,1.6449688238229898,1.6329787400459241
2022-11-30,127.75791931152344,127.75791931152344,123.14429358044966,125.82555863956917,14761200,1.1862894593171358,3.611224850824292
2022-12-01,125.96422576904297,128.20169775541186,125.21530743895859,127.75789116545623,8858500,-1.4039783616910273,2.3708241750549495
2022-12-02,124.96568298339844,125.14135466300421,123.28294806076286,124.3462188186209,8931900,-0.7927193451538916,1.4871335536878814
2022-12-05,121.46154022216797,124.42019460172425,120.74962688555479,124.1150828397859,10154500,-2.804084031370424,3.021999975840535
2022-12-06,121.66495513916016,124.91946668119974,120.07468325543118,123.32919479747076,13966700,0.16747269680601473,3.9820697917712624
2022-12-07,121.58172607421875,123.04255763178571,120.49997400665946,121.40605440285383,11739400,-0.06840841296181788,2.0912547528517176
2022-12-08,122.85767364501953,122.95012278798683,121.5170270468361,122.34915398100975,8907300,1.0494567004435185,1.166468238110594
2022-12-09,122.19195556640625,123.67126855663082,122.04402003501117,122.22893239530065,7957800,-0.54186121132066,1.3317149349781103
2022-12-12,124.08734130859375,124.49414286562836,121.67419757600449,122.41384703091033,8841600,1.5511542747651985,2.272548722444565
2022-12-13,123.9671401977539,126.75010861905189,123.04256428408442,126.56519625789976,10025400,-0.0968681491377188,2.990747652202951
2022-12-14,123.34765625,125.47418333203731,122.74667353773587,123.68974476867368,9966100,-0.49971625284385146,2.2112376329010632
2022-12-15,120.2873306274414,122.11798696522752,119.31652310767757,121.25812403929658,12087800,-2.4810569698673124,2.3289766619119265
2022-12-16,119.53842163085938,120.10241354007009,118.7432857278395,119.40898155864264,21133700,-0.6226000632615136,1.1369798878787583
2022-12-19,120.25035095214844,121.42456640917514,119.35351111358844,119.87127141050762,9017200,0.5955652681173484,1.722286279572559
2022-12-20,120.83283233642578,122.09025618414302,120.37978504517666,121.09171247202262,8549900,0.4843905898529455,1.4155681911055586
2022-12-21,122.19195556640625,122.95010047596573,121.83137152607371,122.21043692689906,8051700,1.1247963022139151,0.9155504097682059
2022-12-22,120.80509185791016,121.3968198763436,118.72479605918042,121.21190751581604,8648200,-1.134987734722348,2.2118470141192303
2022-12-23,121.37831115722656,121.52624667266221,119.86200739377922,120.73111091207963,5091900,0.47449928682692377,1.3711175110413483
2022-12-27,121.80364227294922,122.2474347843496,120.703394621263,121.64646605240969,5411000,0.35041772427670814,1.2676469556029857
2022-12-28,122.46934509277344,123.34768948499952,121.12869858536953,121.90535315959073,8827700,0.5465376957549894,1.8118745535456633
2022-12-29,123.17201232910156,123.21824394936257,122.33064480724447,122.9038773963336,6585200,0.5737494846533631,0.7206175537236024
2022-12-30,123.98562622070312,124.19827471443253,122.45082693503855,122.79291548250426,9292500,0.6605509451511393,1.4093954538596272
2023-01-03,124.92868041992188,126.4265028433301,123.79145611029746,125.03963911181975,11054800,0.7606157487481946,2.1092408277870818
2023-01-04,126.09366607666016,127.29560346338475,125.3447618530242,125.73308203906105,11687600,0.9325205812007464,1.5471368793215339
2023-01-05,126.06571197509766,126.40101844875035,124.52888471580748,126.35444534172031,8381300,-0.022169314631159676,1.485045936449938
2023-01-06,128.47804260253906,128.8878631869357,125.26469732887074,126.79220137209339,10029100,1.9135501554284007,2.820066203276171
2023-01-09,127.94717407226562,129.3536055289198,127.49079445488407,129.09281311552445,8482300,-0.41319786596978325,1.4559220143334994
2023-01-10,129.09280395507812,129.20456806371087,127.89128293879766,128.33835358544826,9048700,0.8953928768801411,1.017318614731001
2023-01-11,130.05213928222656,130.16390338125925,128.62709017108637,129.37220311412872,8703700,0.7431361762676225,1.181690065734203
2023-01-12,129.92173767089844,131.19775845530057,129.6702542464576,130.39674928407086,11001700,-0.10026871687603967,1.1757110366798307
2023-01-13,133.20028686523438,133.6473717091843,125.5534561612079,126.298583355672,20200000,2.5234800989506034,6.076500087545187
2023-01-17,131.1418914794922,131.8311224234476,129.6795780869348,131.4865069514699,14292900,-1.545338553080422,1.6406232304871409
2023-01-18,127.20204162597656,131.07667726824099,127.05301335185757,129.3908357771105,13392600,-3.0042649294346413,3.1632070247854576
2023-01-19,125.50688171386719,126.57799227370195,124.4264480039747,126.03778963087468,13303400,-1.332651497130688,1.714283902481445
2023-01-20,125.8142318725586,126.1961114632751,124.38918287512118,125.88874600334113,13092500,0.24488709662320307,1.4361877517832966
2023-01-23,127.85405731201172,128.4967294832304,125.57211631627115,125.85152664104248,10487100,1.6212994421166416,2.287462148989227
2023-01-24,128.95309448242188,130.66687726925733,125.7397482040752,127.06234236861914,6945000,0.8596028890409668,3.8208691966316217
2023-01-25,129.5771026611328,129.5771026611328,127.83537927283399,128.58050636602806,8967000,0.4839032217222261,1.344159849640827
2023-01-26,130.37814331054688,130.45265745908748,128.86927088593154,129.85655848288334,7487600,0.6181961418823656,1.2144570653874673
2023-01-27,130.69480895996094,131.57031807373335,130.16390107472674,130.96491026520977,7489900,0.24288246585917328,1.0761077736740656
2023-01-30,129.58645629882812,130.48059765133877,129.381545944686,129.67958832481602,6729300,-0.848046429657634,0.8481223563350978
2023-01-31,130.35948181152344,130.46193695496808,128.76677262017796,130.2849676879168,9188700,0.5965326429736573,1.3003767054252535
2023-02-01,130.01487731933594,131.21639825284845,128.64571023442275,128.72954752224172,8841800,-0.26434938786097373,1.9772260463021516
2023-02-02,129.4094696044922,130.82520980342218,128.5339462474186,130.3967570625986,11822100,-0.46564495335159606,1.770553239269311
2023-02-03,131.41200256347656,132.56695053481363,128.65505015877844,128.70160906549228,11501200,1.5474392755836286,2.976821218553159
2023-02-06,132.18502807617188,132.48308457055035,130.42467276608215,130.61095096901076,8406200,0.5882457443884714,1.5572200834137049
2023-02-07,133.79638671875,134.4390587508407,131.49581412868693,131.68210658770164,10447900,1.2190175135792014,2.1997938018615484
2023-02-08,132.8556365966797,134.15959818630932,132.52033015761558,132.86494553227868,6958000,-0.7031207233180625,1.233871644957153
2023-02-09,130.78793334960938,133.507635178985,130.27565758110498,133.30272487158322,6443100,-1.556353422435064,2.471158856253669
2023-02-10,131.3654327392578,131.58897518799668,129.08349198035012,130.19186686065063,6582900,0.44155402938030885,1.9072621734665924
2023-02-13,132.7904510498047,132.93946508605518,131.0859777659176,131.60756242308426,7134600,1.0847741912252795,1.3957986477825997
2023-02-14,133.3772735595703,133.94543152054968,131.88703318849662,132.725292508968,9249400,0.4419161958758133,1.5432901551505447
2023-02-15,133.93609619140625,134.01991926451325,131.6075827465352,131.8963161397603,6728300,0.41897889866997495,1.8011100715751867
2023-02-16,132.0919189453125,133.55421801414147,131.96150854736152,133.10714740730361,8165300,-1.376908315633052,1.205758444193206
2023-02-17,132.48309326171875,133.03261897064874,130.46194549251427,131.30951350325904,7948800,0.29613796175389506,1.9403785153597914
2023-02-21,130.05213928222656,131.64483454191577,129.2324979903379,131.03942672266425,9996300,-1.8349163803790924,1.8548995540495192
2023-02-22,129.0555419921875,129.86586021792007,128.01237239472763,129.39084853595958,11107500,-0.7663059566258568,1.4361939011535365
2023-02-23,130.0894012451172,130.55510398353837,128.47807374957344,129.21387782294622,8068000,0.8010963628297896,1.5966175676766698
2023-02-24,131.262939453125,131.66345111432773,129.40012889078994,129.56778923170077,9126900,0.9021013216876872,1.7242659908176399
2023-02-27,132.40863037109375,133.47974118177248,131.9988096119088,132.36205724625503,10014700,0.8728213178388344,1.1184554705483825
2023-02-28,133.51698303222656,133.89884848293326,132.16643369843086,133.13510336939993,11019800,0.8370698027964529,1.2975239143055297
2023-03-01,132.77182006835938,133.61940224935213,132.07326613697072,132.3526905519494,7139200,-0.5581035063437101,1.1645062269880533
2023-03-02,131.3933563232422,132.6600539245371,129.9682930975506,132.4830988505567,11106800,-1.0382201165936134,2.048627801518721
2023-03-03,133.8057403564453,133.88025451460533,131.4027120512448,131.803209662717,9513100,1.8360015306012833,1.851596543437219
2023-03-06,133.0233154296875,134.15961685182,132.87428716667696,133.6007821837066,9261300,-0.5847469059799049,0.96624391069431
2023-03-07,129.1114501953125,132.54833941199038,128.3570138720657,132.2689148669042,11747600,-2.9407365330949897,3.246284921735671
2023-03-08,128.34767150878906,129.08347554752075,127.50008915385733,128.53394975296376,10002500,-0.59156541528117,1.233669746439451
2023-03-09,121.3993911743164,127.92855291732234,120.35622154745612,127.37901286334676,25888100,-5.413639571947238,6.237536528493105
2023-03-10,124.48233032226562,125.98189363651508,119.05224205342475,120.11405078365277,37599700,2.539501325441118,5.5667752725632065
2023-03-13,122.2469711303711,124.69657212832854,120.53318843171887,122.20972116393081,42901100,-1.7957240887984116,3.405715215773815
2023-03-14,125.38577270507812,126.23335491037169,122.28419145533398,126.00050359323279,29648100,2.5675904651736747,3.1496104939486207
2023-03-15,119.46204376220703,122.00479057249677,118.0370018353911,121.99546742334383,34280600,-4.724402789146098,3.3213802578195355
2023-03-16,121.78125,122.89893358205063,117.37569955019833,119.22919421442153,24558500,1.941374988033373,4.535373082352413
2023-03-17,117.18010711669922,119.66695774470824,116.84480061561271,119.57382573514523,38396000,-3.778203034786376,2.408392685871975
2023-03-20,118.41888427734375,120.58906060676199,117.36639871317351,118.27917204343034,22875500,1.0571565354611234,2.7214087628463233
2023-03-21,121.59498596191406,122.69403758575736,121.25967942695654,121.63223592707845,17807800,2.682090533070469,1.179619494548968
2023-03-22,118.45613861083984,121.69743251731845,118.3629994924019,121.60428629282127,17250200,-2.5813953809389556,2.8149094373834482
2023-03-23,118.13946533203125,120.64494829753855,117.37571313780303,119.12675995339434,16677600,-0.267333784911683,2.7672676108253262
2023-03-24,116.34185791015625,117.05903697838569,114.66532526148272,117.01246386356603,22311100,-1.5215977292793892,2.0574810819606206
2023-03-27,119.67626953125,120.50521966188005,117.6271736518258,118.09287629177788,18853900,2.8660463920635593,2.404859393868999
2023-03-28,120.03954315185547,120.46798171508755,118.97773436405896,119.88120592525928,10820500,0.30354691203891004,1.2414636976278353
2023-03-29,120.28170013427734,121.28761973317278,119.00567210015669,121.17585562622419,14595300,0.201731009685302,1.8971694201766514
2023-03-30,119.91844940185547,121.19447029615635,118.89390484759521,121.03613307812857,12134700,-0.3019999983508326,1.9184416243173574
2023-03-31,121.37144470214844,121.3993857293204,120.01160067271435,120.76603683059649,13105200,1.2116528420275552,1.1434197393066732
2023-04-03,121.23174285888672,122.4239407576686,120.53318873637609,120.99889148471651,11775400,-0.1151027275027916,1.5596179488183566
2023-04-04,119.611083984375,121.63223206825984,118.67036961353394,121.54840899020964,11579900,-1.336827167780763,2.4762441373015367
2023-04-05,119.78944396972656,120.29634386145798,118.70992008687661,119.029086970301,9614700,0.1491166030857638,1.3243435498225546
2023-04-06,119.65802764892578,120.23064449367602,119.08541080417554,119.21683035918426,8760200,-0.10970609466556258,0.9570888907350025
2023-04-10,120.05228424072266,120.37144396542395,118.48463160317063,118.78502017540711,9477300,0.32948611935474936,1.5716588602928905
2023-04-11,120.64366912841797,121.03792775310147,119.72372517566188,120.43715065972816,10516300,0.4926061102756618,1.0893257697929408
2023-04-12,120.62489318847656,122.43660649875403,120.21185624297229,121.2632125961424,11821000,-0.015563137359009271,1.8443541767996157
2023-04-13,121.0848617553711,121.13178604983821,119.05723377119003,120.58734391531581,12450200,0.3813214293801215,1.7133044119416199
2023-04-14,130.2279510498047,130.59404939182681,126.63267024294281,126.86734903458922,43931300,7.550976366397855,3.0418808842112606
2023-04-17,131.26052856445312,131.47642901763928,129.2235186030015,131.3731697880885,16050500,0.7929000697043387,1.71636549027876
2023-04-18,132.73428344726562,133.09099969906055,130.50953367900397,131.67354533183544,13760100,1.122770797078454,1.944837424825651
2023-04-19,132.56536865234375,132.8282077762557,131.79561527256016,132.5747506483199,9158100,-0.1272578496941068,0.7789308129210997
2023-04-20,132.1804656982422,132.76246445359604,131.26991094145336,131.3356278712024,10586200,-0.29034955208473434,1.1291785849431504
2023-04-21,131.92701721191406,132.4620917078977,130.2748837503485,131.17605657171086,11842500,-0.19174428308244007,1.6578923739599996
2023-04-24,132.10537719726562,132.45271153798373,131.45766146105908,131.85193442335057,7567500,0.1351959508529399,0.7532245076131935
2023-04-25,129.23291015625,131.38257582399962,129.19536785347964,131.04463780444166,10629300,-2.174375564384734,1.6924543197824131
2023-04-26,126.94243621826172,129.36432284274647,125.78782068084463,129.18596468581714,14416100,-1.7723611851028997,2.817420453277336
2023-04-27,128.6509246826172,129.45822035051702,127.34611109046418,127.665270829861,9041100,1.34587653684064,1.6417365559271626
2023-04-28,129.7679901123047,129.8430890446596,127.35548525274534,128.19094118016548,9887300,0.8682918000343154,1.9169625650835884
2023-05-01,132.54660034179688,134.583610867704,132.19928025690874,133.54163628938056,20415800,2.141213890334215,1.7988621395394675
2023-05-02,130.40628051757812,133.682400884323,129.94630503068677,132.73428960763403,14113400,-1.6147678014370226,2.8649661954990027
2023-05-03,127.64647674560547,130.17162268523757,127.43995827535376,129.95572222039473,12930900,-2.116312006614318,2.1400233516259974
2023-05-04,125.90047454833984,127.40242455614329,123.73204478827054,126.68900618044792,17089200,-1.367842060181057,2.9153025681912683
2023-05-05,128.35992431640625,129.43005909406895,127.58078896510642,128.07830688572503,11261400,1.953487289773559,1.4406911961120306
2023-05-08,128.66970825195312,129.51454626100983,128.11585535960975,129.06396694442347,7484900,0.24134007338867391,1.0870397705893935
2023-05-09,128.05014038085938,128.55704027263934,126.92368503628191,127.59954678410291,7343600,-0.48151805076028786,1.2755591141871028
2023-05-10,128.11585998535156,129.59903187647697,126.6045277811514,129.49577262064992,8133400,0.05132333654358501,2.337340666228171
2023-05-11,127.71221160888672,128.4256300366812,126.63268048579982,126.72655773951448,7057300,-0.3150651109948388,1.4038982868546834
2023-05-12,125.88169860839844,128.5945846306806,124.9711438301975,128.43500478509407,9988600,-1.4333108615283807,2.8784492428523287
2023-05-15,126.94243621826172,127.35547314511801,125.7502783800647,126.04127776298925,7639500,0.8426464065782069,1.2645060335011844
2023-05-16,126.08824157714844,127.60895572658036,125.75030350797932,127.15837640890761,6477200,-0.6728992026311831,1.4740884600756374
2023-05-17,129.96511840820312,130.0965379651103,127.15836908775938,127.57139174971228,12711500,3.0747330461283084,2.260736506331266
2023-05-18,130.95074462890625,131.16664507179303,129.31737534583655,129.7961291707585,10999600,0.7583775037294238,1.4121872549843177
2023-05-19,130.65037536621094,131.88010431672404,129.66473585981385,131.2229922142496,13492200,-0.22937575769157448,1.6956464539045952
2023-05-22,129.5708770751953,132.95964002138032,129.22355698339283,132.35886277746445,11402500,-0.8262496667076569,2.8834280683454008
2023-05-23,128.21910095214844,130.50956824657774,128.09707772078264,129.1108774941843,9514900,-1.0432715696308659,1.8815375461846764
2023-05-24,127.0456771850586,127.99378844639625,126.80161645593827,127.10199778995919,8578000,-0.9151707962199551,0.9383806020581281
2023-05-25,127.35548400878906,127.91871883412094,126.33228792230425,126.55758471716831,8472500,0.24385467541661043,1.245671455896794
2023-05-26,128.5476531982422,129.16720862655984,127.31793866012023,127.76851791541658,8579900,0.9360956842430435,1.4385871079168755
2023-05-30,129.03579711914062,129.27985791353595,127.68404494538186,128.41624165222498,7399900,0.3797377149667991,1.2367211299362573
2023-05-31,127.39302825927734,128.45376654668618,126.16329948756834,128.35050731619626,14219900,-1.2731109479228397,1.7979532242974545
2023-06-01,129.1484375,129.75859664375824,127.14896956264377,128.15340169083998,12248100,1.3779476512246314,2.0206416210915967
2023-06-02,131.861328125,132.80942534086813,130.80057534262278,131.00709383695565,12922500,2.1005988748411974,1.5234565181544601
2023-06-05,130.56588745117188,131.5233809197483,129.66472892375828,131.5233809197483,8511900,-0.9824265326677795,1.4235356816956508
2023-06-06,130.8005828857422,131.51401566136494,129.73984436585093,130.18102736701454,9329500,0.1797524906021808,1.3563940285065816
2023-06-07,132.06785583496094,132.6123124194979,130.32184483063847,130.99772098222513,9281400,0.9688587934854498,1.7343111799450424
2023-06-08,132.10537719726562,132.25557505683798,130.9319832762121,132.04905658084004,7368100,0.028410669702694236,1.001921200110911
2023-06-09,132.36822509765625,133.10981812635623,131.61726439713703,131.74868395209361,7249100,0.19896835841748395,1.127577051152606
2023-06-12,132.3588409423828,132.65923667661448,131.19482895772052,132.42455788061736,7596600,-0.007089431973961169,1.1063920690658196
2023-06-13,133.31629943847656,134.11419854118418,131.5515107723532,131.87067041343624,7701600,0.72338084050656,1.9222614036130101
2023-06-14,132.8188018798828,134.8088732667247,132.07720894513335,134.23625649474494,9068700,-0.3731708430920966,2.0566849594546
2023-06-15,134.32073974609375,134.61173913427928,131.4482738420415,131.97395200439672,9343100,1.1308172073177136,2.355157735296635
2023-06-16,134.48033142089844,135.14682550056537,133.7669130411952,134.28320925450666,13813500,0.11881387424337309,1.0261072714427593
2023-06-20,133.79505920410156,134.23625643758606,132.39636857841077,133.87015812933888,8428600,-0.5095705889154201,1.3751538136909685
2023-06-21,133.59793090820312,135.1937436059781,133.00653585146964,134.1423730247125,9926500,-0.1473360055827766,1.6371569077752686
2023-06-22,131.02586364746094,133.86078743903076,130.43446851356103,133.5885520215995,10075200,-1.9252298619126695,2.6149943454588525
2023-06-23,130.34059143066406,130.65035479474497,129.18596159719687,130.04957773104178,9919500,-0.523005304235713,1.1235127763917685
2023-06-26,130.65977478027344,131.429513818361,129.25170193931694,130.35937903218039,8429700,0.2448840734155855,1.6667806773021023
2023-06-27,130.66912841796875,131.26990546011544,130.04957306472713,130.48138827798314,8154000,0.007158773777971028,0.9339102588063941
2023-06-28,130.09652709960938,130.67854022329556,129.50514630474729,130.63160160182238,7558600,-0.43820703887134105,0.9019410008153819
2023-06-29,134.63990783691406,134.7619453906619,131.27932018606757,131.48583866610704,15423200,3.4923151590557255,2.586621797760556
2023-06-30,136.5267333984375,137.05241158946137,134.85582158111603,135.7382161119017,14212800,1.4013865516076418,1.6089083461294316
2023-07-03,137.62503051757812,138.44170812520798,137.05241369562958,137.23077186825142,8021600,0.8044557221883908,1.009478017446072
2023-07-05,136.7082061767578,137.45487767492313,136.44356201877326,136.99175760946267,8934900,-0.6661755767626953,0.739762216499479
2023-07-06,135.35662841796875,135.52675062026958,133.68368798522096,135.1770453675237,9709500,-0.9886588351847192,1.361634562407552
2023-07-07,136.42465209960938,137.84239481362727,135.15813873637265,136.01823944416276,8981500,0.7890442412193277,1.9675740681344953
2023-07-10,137.19024658203125,137.9841935536201,136.5758971043516,136.5758971043516,9100100,0.5611848523263019,1.0265281128614363
2023-07-11,139.33578491210938,139.71385837781503,137.7195659150554,138.3150081877462,11260900,1.5639146247872882,1.4312851964178455
2023-07-12,140.0257568359375,141.65143677255614,138.9388262092346,139.36414626220406,11323200,0.4951864478054624,1.937222568630562
2023-07-13,140.70623779296875,141.17881871057477,139.64766115257927,140.54556201162572,11234900,0.48596841924486434,1.0881945122066312
2023-07-14,141.55690002441406,144.50580050035256,140.27147927966698,143.23928703153547,27028400,0.6045661121982127,2.991250316978756
2023-07-17,144.9689483642578,145.3186536800163,142.10510873330162,142.10510873330162,17262400,2.4103723232532515,2.2167126015428686
2023-07-18,145.23358154296875,145.93299212141326,144.43964900537037,144.9689373637693,13491700,0.1825447323008822,1.028235412345783
2023-07-19,145.79119873046875,146.698560348647,143.87252154761572,144.3734561172065,12510000,0.3839450776988773,1.9384152305763729
2023-07-20,147.5870361328125,148.0029097079431,145.9424635319216,146.05587835349277,9935900,1.2317872532647156,1.3960888639076225
2023-07-21,146.45281982421875,147.57756468755593,146.20708294512963,147.25621313289523,10636400,-0.7685067322397265,0.9357837862536477
2023-07-24,149.3355712890625,150.08224279981673,146.244888022318,146.4717320567115,14381400,1.9683823556991165,2.569618707970731
2023-07-25,148.2202911376953,149.0709310505176,147.407451353921,148.67396479639882,9944700,-0.7468281948768807,1.1223022730749048
2023-07-26,149.1087188720703,149.57185334132768,147.70988346034667,148.11631052969997,8728600,0.5993968353156687,1.2487330687741391
2023-07-27,147.46417236328125,150.07281416902694,147.01994509034975,149.11820578572036,10778400,-1.102917737627418,2.0702446090813025
2023-07-28,148.3053436279297,148.9575075868142,147.86111642179168,148.6550488839012,9103800,0.5704241587415559,0.7392796093532206
2023-07-31,149.2977752685547,150.63990339275125,148.53218203967285,148.56053574199896,8892700,0.6691813095520249,1.411756705206802
2023-08-01,148.560546875,149.3355865887295,147.5870312301141,148.79683736010875,6853900,-0.4937973069113588,1.1769984665489068
2023-08-02,146.87815856933594,147.15226360614741,145.49823022396106,147.02938793985078,8299400,-1.1324596880217697,1.1261261703560543
2023-08-03,147.77606201171875,148.31479677039448,145.88573829898567,146.50008773681375,6084000,0.6113253673172503,1.6437428622344683
2023-08-04,147.46417236328125,149.1465594906286,147.1617136148909,147.82332409946116,6209400,-0.21105559600902435,1.3459851596006414
2023-08-07,148.16358947753906,149.0520440623619,148.01237451873985,148.01237451873985,7251800,0.4742963006192369,0.7017038040777549
2023-08-08,147.33184814453125,147.42635568552197,144.2222572787942,145.85739782243022,8623400,-0.5613668890857348,2.174749347869843
2023-08-09,145.35643005371094,146.99157038731175,145.05398577055246,146.8025409075846,6277800,-1.3407950254465284,1.3329885826470385
2023-08-10,145.13905334472656,146.91596226184708,144.69482611544643,145.91409299479844,5995100,-0.1495473636109912,1.5303504433952235
2023-08-11,145.98025512695312,146.04642338368436,144.26006793828333,144.63812693609333,5180700,0.5795833463434485,1.2236966183183522
2023-08-14,146.28269958496094,146.42446808979585,144.53414444119738,145.18630840748784,5044300,0.20718175738547728,1.292240062537654
2023-08-15,142.5587921142578,144.86498979760955,141.99168912188247,144.46802347175807,10300300,-2.5456923349574057,2.0155197958076068
2023-08-16,141.953857421875,142.68163606845835,141.47181565893183,142.34137723309698,6978200,-0.4243405007935075,0.8522631448689904
2023-08-17,140.4794158935547,142.96518184962946,140.26201827566487,142.60603013951203,9953900,-1.0386766200642161,1.9242417522670034
2023-08-18,140.80076599121094,141.30170063233274,139.35466947294978,139.55314539081465,8517500,0.228752444343705,1.3828271072790164
2023-08-21,141.28280639648438,141.86881662137475,139.9028780048332,141.44348219978474,8327000,0.34235637986765877,1.3914917651228476
2023-08-22,138.3528289794922,141.43405214818546,137.8518942341347,141.07488594508814,9673300,-2.0738386302787237,2.58914685046428
2023-08-23,139.2884979248047,139.4964346866197,137.4832497429022,138.32444321678096,7858000,0.6762918779573246,1.4453346641761682
2023-08-24,139.1561737060547,141.21663401731516,138.92934409448392,139.41137144109697,6534000,-0.09500010461842567,1.643685552653073
2023-08-25,138.9860382080078,140.46993465590708,137.851846992526,139.20342137231944,6695500,-0.12226227088296682,1.883705512537047
2023-08-28,139.4680938720703,140.46051679570425,139.06168115953045,139.47755472158863,5094100,0.3468374739490354,1.002978959085013
2023-08-29,140.60226440429688,140.6873399271736,139.10890702722992,139.60985605030564,6337000,0.8132114670376778,1.122622673703863
2023-08-30,140.03518676757812,140.97088779310553,139.11837859567956,140.4699531534528,6277300,-0.4033204153015224,1.3228883684074744
2023-08-31,138.30552673339844,140.21475759112084,137.95582148545836,140.12968206911495,10933900,-1.2351610149600956,1.6332941705336717
2023-09-01,138.7686767578125,139.95957555711323,137.71008562529693,138.07869818855855,7903500,0.33487456022407436,1.6210358017193214
2023-09-05,137.23748779296875,140.08243398545335,137.0579047469552,139.09001123044766,7854700,-1.1034110871548264,2.2038652026776027
2023-09-06,137.0106658935547,137.5588470662576,136.20727256530975,136.76491458645503,8629200,-0.1652769247395658,0.9864739304295603
2023-09-07,135.8386993408203,137.303703492899,135.52679411447872,136.2262192664595,8373700,-0.8553834441217045,1.308102467885085
2023-09-08,135.94265747070312,136.21674811565677,134.8273587679302,135.50787658812396,7107900,0.07653056926140156,1.0220407439261585
2023-09-11,136.5380859375,137.0957279625712,135.81030728154468,136.81217652578113,6854200,0.4379997256749091,0.9414374547589023
2023-09-12,138.31497192382812,139.2412408554334,136.1505577854959,136.5758777036283,8363200,1.3013848657154048,2.234525320685885
2023-09-13,138.3811492919922,139.60040172726968,137.82350726430812,139.2601428859323,8325900,0.04784541199234216,1.2840581770369712
2023-09-14,141.06541442871094,141.6797638986185,139.43028836998263,139.73273268035945,10034900,1.9397621355599526,1.5946329139185664
2023-09-15,140.6495361328125,141.5190833260664,140.17695519591197,140.75350451581164,19863400,-0.2948123730984409,0.9542357316323398
2023-09-18,140.94253540039062,140.96144267622086,139.64766823552236,140.03518806890037,6512400,0.2083186874512366,0.9321348143527536
2023-09-19,140.76296997070312,141.509656028276,139.1373045962744,141.30171923416918,7943400,-0.12740329182910903,1.6853519306216425
2023-09-20,140.16749572753906,142.01055832556247,140.01626638051553,141.44345548523634,7332000,-0.42303330434702024,1.4227920208573117
2023-09-21,139.0711212158203,140.68735440849775,138.58909383935037,139.48699475882626,8052400,-0.7821888420193379,1.5087679964060672
2023-09-22,137.7384490966797,139.42083624031702,137.22806798136276,139.212899454292,7071700,-0.9582666102709303,1.591979780035957
2023-09-25,138.41896057128906,138.4851288283916,135.81976528618725,137.37929111046418,7044700,0.49406064833190655,1.9255769088307961
2023-09-26,136.98231506347656,137.842415902858,136.32070458011657,136.67042431005655,7468400,-1.037896471612787,1.1108815922962574
2023-09-27,137.7856903076172,138.07868816714648,136.58533074636094,137.22804828967273,6717800,0.5864809948410876,1.0838262068082014
2023-09-28,139.49644470214844,140.70625080937418,138.0030871337234,138.25828489100542,8868100,1.24160527171715,1.937801125629084
2023-09-29,137.06739807128906,140.60229474164558,136.91616868912737,140.45107978151157,11917800,-1.7412964438239698,2.6892799486870267
2023-10-02,135.8859405517578,137.63448154415704,134.8084564821515,136.88780993307262,9170600,-0.8619537075598149,2.07970379461672
2023-10-03,134.8840789794922,135.71581175479713,134.5438200734949,135.3471991418024,9431100,-0.7372812582358557,0.8688880779475883
2023-10-04,135.4889373779297,135.6023521684846,134.14679505358833,135.33770804250767,8128700,0.44842831193552257,1.0742996019196522
2023-10-05,136.0602264404297,136.25066526017685,134.0893125063376,135.24138891222026,8576200,0.4216499690350872,1.588526500641643
2023-10-06,138.15492248535156,138.89758731208872,135.33659387812395,136.06974257626624,10270600,1.5395359097384542,2.5775364134002077
2023-10-09,137.84075927734375,138.44059519327567,136.6315422570001,136.783887533103,6964900,-0.22739921412581188,1.3124223529817156
2023-10-10,138.67860412597656,139.74500633713924,138.3263184511728,138.4596169115128,11288800,0.6078353405954529,1.023004157640427
2023-10-11,139.1546630859375,140.18297165390814,138.07875934328692,139.49743260859438,8698200,0.3432821976838474,1.5121392729194616
2023-10-12,138.8309783935547,139.9259437516331,138.1835327446977,139.29753036648677,10484400,-0.2326078660999764,1.255059228925167
2023-10-13,140.91615295410156,145.7815693568303,140.76380768029736,141.39222103840595,29427000,1.5019519308117735,3.560813697608737
2023-10-16,140.7733154296875,142.36338082907167,139.69739708516016,142.29672433446365,12663500,-0.10136348560451092,1.8938132811421198
2023-10-17,140.4686279296875,142.16342890788312,139.7640420343084,140.50672150697443,11482700,-0.216438391800311,1.7081300707057108
2023-10-18,138.9261932373047,140.4210394821723,138.41203156518696,139.57363886477725,9620300,-1.0980634716207915,1.446097291065673
2023-10-19,138.33584594726562,139.98305184134563,137.94548119248043,138.51675412868605,11143600,-0.42493591473471426,1.4729158844641985
2023-10-20,136.1078643798828,138.1930449440661,135.31758960501068,137.65033487484376,13332900,-1.6105598314930858,2.1126298264660806
2023-10-23,134.2511749267578,136.8028924127063,133.9940941408491,136.09832107654196,10133400,-1.3641309130697277,2.0921964171930485
2023-10-24,134.41305541992188,134.94624932694597,133.64182748094458,134.43210221044254,8881400,0.12058031764143884,0.9704576999058798
2023-10-25,133.6798858642578,134.42255076684708,132.83248542266534,133.8417617659881,8242600,-0.5454600770539386,1.1894574369971664
2023-10-26,134.0226593017578,134.88910655616087,132.75631666727085,133.07052329343162,9109400,0.2564136222019675,1.5913651467607042
2023-10-27,129.19534301757812,132.44213043662663,128.7192749923256,132.29930131198498,17434700,-3.601865766079726,2.881570927672286
2023-10-30,130.84251403808594,131.4328336488053,129.52856184293282,129.90942492117188,9855500,1.274946125793175,1.4553922475979002
2023-10-31,132.40403747558594,132.57542952026586,130.89014463505566,131.11866251848113,9672500,1.193437354043403,1.2728349658679745
2023-11-01,132.28981018066406,133.80370330022268,131.84230499008572,132.5849700875464,9432000,-0.08627176111826174,1.4826525999684605
2023-11-02,134.6510772705078,134.70820310845752,132.56589701468494,133.38473459166462,10186200,1.7849198563510305,1.5910055360855337
2023-11-03,136.1554718017578,136.88862071788571,135.06052102172305,135.38424383148785,9538700,1.1172539884161115,1.3426560621995256
2023-11-06,137.1837615966797,137.2884971416143,135.95549797622422,136.31731431844256,7625100,0.755232075005452,0.971688740617199
2023-11-07,137.1171112060547,137.35514522528302,135.98408147842036,136.64104316759799,6297900,-0.04858475219607916,0.9999216981768779
2023-11-08,137.79315185546875,137.9074035502246,136.7457962253889,137.2123481930509,7618200,0.4930388654397211,0.8430080226730786
2023-11-09,137.3837127685547,138.6786184578708,136.821955951098,138.478678010919,7992500,-0.2971403741047429,1.3514429544502544
2023-11-10,139.4212646484375,139.46887435315006,137.1837538113683,138.00259133572115,7983300,1.4831102165039134,1.6390043136847812
2023-11-13,138.80238342285156,139.2498885003074,138.21206375831073,138.72621080025883,6676300,-0.4438929937599534,0.7476995109190694
2023-11-14,141.3350830078125,142.10631091334398,139.50698346510433,139.65931419733056,9927700,1.8246801838014859,1.8391240114784289
2023-11-15,142.5728302001953,142.97272552161073,141.35409745061304,141.35409745061304,8365300,0.8757536812812328,1.1352991090412328
2023-11-16,144.2010040283203,144.27717665687527,142.90609839977253,142.90609839977253,8126200,1.141994464049545,0.9508104789849213
2023-11-17,145.5054168701172,145.54349591403724,144.28666953806035,144.9150827260488,7812400,0.9045795836072568,0.8637660391013271
2023-11-20,145.9529266357422,146.3909156050266,144.64850491489995,144.80085016755913,7019000,0.3075553991398472,1.1938168903424817
2023-11-21,145.6482391357422,146.27665235691146,145.26739056266842,145.8672263388375,7083500,-0.20875737610963618,0.692944727812612
2023-11-22,145.99099731445312,146.5146749580534,145.58157132820537,146.06716992883503,5174500,0.23533286824806154,0.6391514867442151
2023-11-24,146.19094848632812,147.04787956493385,145.94339836767762,146.23855818987985,3496900,0.13696130278795238,0.755505870022812
2023-11-27,145.85772705078125,146.18144982811643,145.4007058046349,146.0862304096327,6259100,-0.22793575046682335,0.535277793825562
2023-11-28,146.19094848632812,146.5051550956394,145.41020455615853,145.88627253479225,6582700,0.2284564844691861,0.7489865486324983
2023-11-29,146.9336395263672,148.1809354045383,146.6289490222787,146.79081040440963,9126100,0.5080280603751097,1.056249873931079
2023-11-30,148.60939025878906,148.65699996500146,146.9907619466653,147.49539286994312,9869800,1.14048133417477,1.1212198740837165
2023-12-01,149.33302307128906,150.3042059653773,148.3618547056448,148.3618547056448,8916000,0.48693612916375084,1.3006843495060423
2023-12-04,150.427978515625,150.48510435359785,148.41897088573631,148.5522693504873,9607500,0.7332306155840795,1.3735034454690378
2023-12-05,150.408935546875,150.91356649970896,149.4567994806308,149.73291254732652,9135600,-0.012659193414621406,0.96853754983471
2023-12-06,148.82838439941406,151.5991038056745,148.5332245469806,151.23728745575312,9366000,-1.05083593718297,2.060009769686099
2023-12-07,149.28541564941406,149.78053049907243,148.67604911462075,149.19021075461634,8130900,0.3070860789387231,0.7398454695972901
2023-12-08,150.9326171875,151.18016734087794,149.46631947168197,149.73291641484093,7369400,1.103390797366477,1.1355053010621958
2023-12-11,151.48486328125,151.67528760053898,150.58032233984983,150.93262258540094,8093900,0.3658891656691754,0.7228215657799517
2023-12-12,152.83688354492188,152.96065135267247,151.27538099659157,151.60861989861942,10223000,0.892511789221917,1.1026594608529627
2023-12-13,153.3510284423828,154.27460156444917,152.1227793419799,152.8368813727461,12379100,0.3364010607490586,1.4032003856288113
2023-12-14,156.14080810546875,156.95011509328629,153.9699389064081,154.08419059211312,13643000,1.8192115771392459,1.9086465755096969
2023-12-15,157.32144165039062,157.36905136044854,154.61737864904833,155.27435487389386,20309300,0.7561338763690806,1.7490767199522237
2023-12-18,158.27357482910156,159.1305060090646,157.70230190423635,157.978414971988,8469600,0.6052151370611103,0.9023642173814332
2023-12-19,160.3873291015625,160.40637589223485,157.62614012029542,158.05459847553416,10345700,1.3355067482005767,1.7334510073291978
2023-12-20,158.57827758789062,161.30138753913405,158.48305816217345,159.94935595892852,10734700,-1.127926703316029,1.7772480694265145
2023-12-21,159.4827880859375,160.04454486759295,157.74989350442564,158.85437480725014,7601700,0.5703873896256484,1.4388081564832116
2023-12-22,159.3875732421875,160.17784792833942,159.22571185275063,159.4827926611238,6576300,-0.05970226937510592,0.5973715868940569
2023-12-26,160.33016967773438,160.69198598250622,159.17807880269012,159.44469023092927,4683600,0.5913864025739457,0.9442434838427936
2023-12-27,161.29183959960938,161.35849609615912,159.5589595590751,159.80650969959626,6428600,0.5998059652827514,1.115702159235815
2023-12-28,162.14877319335938,162.49154275455325,160.91099341524577,161.24424684612208,6320100,0.5312938310315429,0.9747525733190135
2023-12-29,161.95834350585938,162.52010027323502,161.51083841227057,161.86312409207517,6435100,-0.1174413372051375,0.6231613877477883
2024-01-02,163.84356689453125,163.92925564889285,160.82529747610658,160.9966749848298,9977400,1.1640174552684623,1.8944644770730192
2024-01-03,163.1294708251953,163.80547928325578,162.21541382672396,163.63410176829163,9852300,-0.4358401631939679,0.9747260556222147
2024-01-04,164.21202087402344,166.0705572172805,163.3785446534517,163.47435122253862,11972500,0.6636140259341339,1.6393517048876685
2024-01-05,165.03590393066406,166.09929250412242,164.2694952494097,164.2694952494097,10066000,0.5017190899030854,1.108726774678967
2024-01-08,164.79640197753906,165.1221209159084,162.37264494068123,164.79640197753906,11229900,-0.1451211205687808,1.668407769971768
2024-01-09,163.4935302734375,164.5760685884473,162.95704852121472,164.41320910066761,9923600,-0.7905947511397393,0.9902655258130555
2024-01-10,163.8384246826172,163.8959027859924,161.85534240797776,162.86125307114128,9670200,0.21095294021902244,1.2454711902702664
2024-01-11,163.1486358642578,163.2061139597619,161.55834033783609,163.17737491200987,11919500,-0.4210177311553265,1.0099830827251175
2024-01-12,161.95111083984375,168.9062374523719,161.80740099722848,166.50164478011072,19436500,-0.7340086039152816,4.383320631967493
2024-01-16,160.93565368652344,161.03144564695285,157.40060436457583,157.94666093131482,17206400,-0.6270146268552046,2.256082601465869
2024-01-17,160.0734100341797,161.97027470252135,159.49861451913011,160.31291181995758,11107500,-0.5357691925887753,1.544079171464814
2024-01-18,160.38955688476562,160.4949382570288,158.301108293769,160.10215181331796,9382300,0.19750116557049058,1.367813469823337
2024-01-19,163.15821838378906,163.40730963345084,160.06385894601613,160.51412353944812,13115700,1.7262105792914095,2.049207646757993
2024-01-22,162.9665985107422,164.75806722149593,162.58340149409867,163.30190686382716,12837500,-0.1174442053517244,1.3344241993575894
2024-01-23,161.89364624023438,162.6217264688559,161.366739342797,162.54508413668046,8360800,-0.658387841626995,0.7751923285467566
2024-01-24,163.34024047851562,163.82881892654672,161.7691091313614,162.2481127691283,9967100,0.8935460235015347,1.2609934876741102
2024-01-25,165.6777801513672,165.7256834386291,163.7330265563865,165.07423089153494,8873500,1.431086219784894,1.2027303120684294
2024-01-26,165.04550170898438,165.79274625724076,164.56649804379273,165.36164588217466,7443000,-0.38163140633894477,0.7429758465094108
2024-01-29,165.47657775878906,165.58195913436128,164.10663449437962,165.00716359144607,6971200,0.2611861852283459,0.8915610051666691
2024-01-30,168.86795043945312,169.3373646597328,165.57240299685432,165.57240299685432,10822100,2.0494578305864986,2.2295300280963546
2024-01-31,167.0381317138672,170.81268232442451,167.01896747730794,168.80086140855477,11521800,-1.0835796377134388,2.2711669534326027
2024-02-01,166.43460083007812,167.4979894966774,164.23118116023815,166.34838368311816,9354800,-0.361313238837524,1.9628180198987057
2024-02-02,167.3926239013672,168.43686304583352,165.9843518960533,166.0226803770051,8607600,0.5756153266874842,1.4651249813882488
2024-02-05,167.17227172851562,167.73749252001522,165.65861845956076,166.5591476490177,7820200,-0.13163792269688113,1.2435519592809725
2024-02-06,167.74708557128906,168.48474067387662,166.46334466815134,167.27765672761672,6764800,0.34384520640295957,1.2050260061694051
2024-02-07,168.06320190429688,168.48472742579142,166.6549447200751,168.31229314046925,7225500,0.1884481819348638,1.0887467839380394
2024-02-08,167.4596710205078,167.94824945784183,166.28132619044888,167.65126954781346,6060300,-0.35910947604862464,0.995417736840536
2024-02-09,167.66087341308594,167.74710519064325,166.37714697783767,167.65129860137208,6296700,0.12014975985081833,0.8171007253614008
2024-02-12,168.40809631347656,169.38526784949886,166.40586457100534,167.4405142059646,8539300,0.4456751806067416,1.7691567945448592
2024-02-13,166.9423370361328,168.82961247579382,165.37120574107814,167.9578369936701,8397600,-0.870361526215091,2.0716175393945435
2024-02-14,168.63800048828125,168.70506800664546,167.09560836422625,167.7183217937811,7056700,1.0157180510665942,0.9543872897918122
2024-02-15,172.3167724609375,172.64250606036836,168.7529840509546,168.7529840509546,8723400,2.1814608581722794,2.2571929324497235
2024-02-16,171.51202392578125,172.42212782137025,170.67856235860376,172.06766984324273,8152600,-0.4670169500410548,1.0165849733783061
2024-02-20,172.18263244628906,172.8819882373571,170.91807052542617,171.66531498276106,9668000,0.39099796338359916,1.1406015136535597
2024-02-21,173.3035125732422,173.38974433887643,171.02346516778374,172.3934085731368,7024000,0.6509832676084626,1.3653959668547628
2024-02-22,175.3824005126953,175.71769429130376,173.62924542867003,174.18489140759863,9296500,1.1995648031510875,1.1907972844074228
2024-02-23,176.26376342773438,177.42294404200635,175.49735468570222,176.09131451721248,7105800,0.5025378330223429,1.092447658473827
2024-02-26,175.6602020263672,176.71401580107593,174.8171510066002,176.03382425230393,7145400,-0.3424194455116325,1.0798489200137698
2024-02-27,175.74642944335938,175.83264658868708,174.587248841427,175.6123090112838,5717100,0.04908762257898047,0.7086333140335348
2024-02-28,176.6373748779297,177.4229331924025,175.27700638757528,175.72725632977884,6131600,0.5069493800768488,1.2148769796370764
2024-02-29,178.246826171875,178.60128417576158,176.12963834051115,177.86362911999925,9643000,0.911161239266356,1.3866422692245506
2024-03-01,177.50917053222656,178.61088772502615,177.32716141991548,177.90195704317333,6311800,-0.41383942451640454,0.7231887238623556
2024-03-04,178.8407745361328,179.71256458406262,176.53198832666763,176.95351382755808,7063600,0.7501606817910789,1.778440216245199
2024-03-05,180.6322784423828,181.35078391381788,178.5342401269074,178.5342401269074,6617800,1.0017312388054034,1.5592693682424426
2024-03-06,181.5711212158203,182.08845334054516,179.75091320489955,181.3028803430116,7572900,0.5197536019216908,1.2873964317635886
2024-03-07,179.9808349609375,182.5003989523278,178.79291521043658,181.9351781279422,7618300,-0.8758475710421765,2.059932515979207
2024-03-08,180.3161163330078,182.46205772325536,180.02871124943442,180.5268790864263,6172200,0.18628726338727475,1.3494891767339467
2024-03-11,180.3831787109375,180.526888569288,178.40011130436957,179.41559665071196,5762600,0.037191560739824325,1.1790330340760649
2024-03-12,181.8680877685547,182.17465709667462,180.0191408441831,181.0154619245126,5708400,0.8231970787014209,1.1852086195763045
2024-03-13,183.3434295654297,183.67872332732483,181.86809023539396,182.36625809133085,7795500,0.8112153236869757,0.9875636646606459
2024-03-14,180.0766143798828,183.58292423683054,179.24315279445563,183.00811407017264,10310900,-1.7818010676957763,2.4099583709519843
2024-03-15,182.30877685546875,182.92190089143276,178.64918225909958,178.64918225909958,17214200,1.239562662410476,2.343671383260126
2024-03-18,184.56968688964844,184.6080007490843,181.91600261926007,182.6249332720875,9013800,1.2401542444509417,1.4585266818130047
2024-03-19,185.6522216796875,185.78634211223047,184.3014425440873,184.617586696088,8478700,0.5865181917365847,0.7998286014078055
2024-03-20,188.0855712890625,188.3059088707096,185.47979031452184,186.0354362918315,9367000,1.3107031994334717,1.502570631451786
2024-03-21,190.700927734375,191.05538575190852,188.08557194045494,188.26759566341468,11203800,1.3905141300249113,1.5573148210323307
2024-03-22,188.3634033203125,192.0613123318093,188.28676097699267,190.6530403366258,8108800,-1.225754086167008,2.003866615426346
2024-03-25,186.63897705078125,188.6699477167768,186.19828728954033,188.34422876431154,8620000,-0.9154783992721072,1.3243002433323248
2024-03-26,187.5107421875,188.40169647073768,185.91087194305058,186.41861458155125,5961500,0.46708632381839976,1.328363643932684
2024-03-27,191.14161682128906,191.21825915794204,188.13347454330642,188.24843073927042,8725800,1.9363555343183458,1.6138738731711118
2024-03-28,191.8888397216797,192.29120098027298,190.20273774125516,191.11285625024766,8628300,0.39092632615389533,1.0883713935875432
2024-04-01,190.58596801757812,192.5019825513943,190.231510006592,191.59187857143777,7309000,-0.6789721100983637,1.1913114949747392
2024-04-02,190.5093231201172,191.39068803965642,189.7620786314202,190.059058541283,7014700,-0.040215393744968964,0.8548712375663539
2024-04-03,189.9728546142578,191.179938575822,189.39804437463775,190.68177067602005,9353400,-0.28159698280022516,0.9379730618895082
2024-04-04,188.52745056152344,192.41073918574324,188.43109983510448,191.90003475549202,9243800,-0.7608476777744344,2.1109071059867013
2024-04-05,190.2619171142578,190.90752429611052,188.0071073083903,189.01888546332046,6532300,0.9200074299887451,1.5244338077275073
2024-04-08,191.25442504882812,191.73622278453385,190.42573235528224,190.42573235528224,8001000,0.5216534919987525,0.6852078998522733
2024-04-09,189.9728546142578,191.63988548294424,187.8144100172181,190.85937544895748,7351500,-0.6700866838731279,2.013695837488889
2024-04-10,188.35398864746094,189.8957471248509,187.11094238303184,188.43107804166027,7681400,-0.8521564673458215,1.4784952322041591
2024-04-11,188.31544494628906,189.4139578348504,186.20518333764534,188.86470139056973,10137700,-0.020463437726303546,1.703935913552003
2024-04-12,176.13558959960938,182.05206452908797,175.89469075931578,181.46428547393805,31532300,-6.467794157910733,3.4958146640148686
2024-04-15,176.2319793701172,180.63561783679535,175.56709612650053,177.78336870412258,14766600,0.05472475535859278,2.8760510597512257
2024-04-16,174.21804809570312,176.49213378652257,173.10990458385498,176.2415895769628,16451800,-1.142772884701282,1.9413770499883167
2024-04-17,173.52426147460938,175.77907118283395,172.67629281717151,174.76729307171811,9017100,-0.3982289026178476,1.7880948400500407
2024-04-18,174.65167236328125,176.68485931658026,173.4182713843728,174.50713892954175,9557700,0.6497136936882031,1.8703444908405233
2024-04-19,179.03602600097656,179.11311539639945,174.8058428364993,175.7597928603478,13402300,2.5103416293522196,2.4058133193129865
2024-04-22,182.5146026611328,183.20839250417927,179.2094628944951,179.21910825831145,11529700,1.942947873595724,2.1910189932083557
2024-04-23,185.1452178955078,185.23193795193276,183.5841980666637,184.1719918434863,9144400,1.4413176787060555,0.8899716147132744
2024-04-24,186.05099487304688,186.19552829650425,183.24692883158602,183.59382375118219,6964900,0.4892251540897341,1.5848340219466324
2024-04-25,186.33042907714844,186.87968548703992,184.22015289733093,185.25120698468584,9802300,0.15019226545509579,1.4273205953965964
2024-04-26,186.44610595703125,187.77585780134223,186.03175222993866,186.52319536447408,6413700,0.06208158294689348,0.9354475720750722
2024-04-29,186.24374389648438,187.18806340420463,185.42468181011515,186.43646006289447,5387800,-0.10853649075058813,0.9468138672456997
2024-04-30,184.75978088378906,187.89146582521732,184.66341546581035,185.79082028032872,8153700,-0.7967854284115505,1.7471607424331004
2024-05-01,184.8754425048828,187.38079681205315,183.8443882105062,185.27052020852065,7445300,0.06260108154516608,1.9128601146977924
2024-05-02,184.68272399902344,186.45573625685972,182.62063013966358,186.04139723387343,6501700,-0.1042423500104861,2.0765916996201694
2024-05-03,183.57456970214844,185.52103668973848,181.59921072970675,185.0103322613228,8922800,-0.6000313796978962,2.136366690873865
2024-05-06,185.0103302001953,185.20304635349385,182.90969913363128,184.7501553064273,7911100,0.7821129584432152,1.2395779291788687
2024-05-07,184.76942443847656,185.9064599928219,184.67305901377296,184.72124172612476,7688800,-0.13021205975799477,0.6675352173647336
2024-05-08,188.52745056152344,189.49104604551445,184.04673744228526,184.04673744228526,9227600,2.0339004326433985,2.8878068350330293
2024-05-09,190.3101043701172,190.39682443319006,187.9974811350408,188.0649251718864,7977300,0.9455672387677083,1.260754549050634
2024-05-10,191.5338897705078,192.08313158307237,191.05209200008576,191.31225220973687,7529800,0.6430480422682017,0.5383066068474773
2024-05-13,191.49533081054688,192.57456777562447,190.83044755880903,191.56278955355822,7049200,-0.02013166443136649,0.9107899442942378
2024-05-14,194.1741180419922,194.24157678253718,190.94608203655494,191.75549870329445,8596200,1.3988786150068266,1.6971853814572515
2024-05-15,194.75225830078125,195.31114537255093,192.49744869292647,194.65589288370782,8370000,0.2977432134719571,1.4447568948232161
2024-05-16,195.09915161132812,197.03597297085219,194.63662996043993,194.8582527739262,8497900,0.1781203019536326,1.229806993313926
2024-05-17,197.33468627929688,197.5852304817056,195.42677159333684,196.39036694832853,9260500,1.1458454070688795,1.093806126569046
2024-05-20,188.45999145507812,198.3850270872914,188.28653663611217,196.9492646377528,17373300,-4.4972807323178765,5.358426673592595
2024-05-21,192.25657653808594,192.62273282652995,189.44287946793008,189.82831178312392,14420800,2.014531070332115,1.6539633732476995
2024-05-22,191.09060668945312,193.62486736637322,190.493182230039,191.75548988631044,9425300,-0.6064655210386682,1.638848288039411
2024-05-23,189.75120544433594,191.08097180868498,188.93215817182306,190.60880476690767,8069400,-0.7009246913396883,1.1324374102552288
2024-05-24,193.40325927734375,193.45142728970407,190.36792463031807,190.55101012784888,7356200,1.9246538247047695,1.5943385188582582
2024-05-28,192.23727416992188,193.1141494756289,191.4278575969454,192.58416908738297,6910200,-0.6028776928468593,0.8771929824561299
2024-05-29,190.89788818359375,191.7458568535377,189.72230060146205,190.79189209985074,6120000,-0.6967358396604229,1.0600202397888863
2024-05-30,192.07347106933594,192.57454478962373,191.17731970991167,191.33149850127694,6829100,0.6158176483396005,0.7274430310095654
2024-05-31,195.25335693359375,195.89896414118172,191.12916945300466,192.04458221888913,14417900,1.6555570358333993,2.442874613315498
2024-06-03,194.4728546142578,195.051003103416,191.9385936953771,194.9450070082419,6444300,-0.39973823323374846,1.6004338570606416
2024-06-04,191.90966796875,194.62699941582753,191.0616992914751,192.8732633917263,6848300,-1.318017699998264,1.8578012051654405
2024-06-05,190.07882690429688,192.54564352570372,189.7512079908949,192.48781544983936,8351600,-0.9540118972803713,1.4701456129123744
2024-06-06,189.7415771484375,190.8111686497674,188.2190946247148,190.0788267225114,7640300,-0.17742626117382976,1.3661075574515653
2024-06-07,192.6708984375,193.60558715733387,189.83792559209,190.24263389810582,6964500,1.543847865653003,1.9554907335764906
2024-06-10,192.34329223632812,193.5285105467739,191.2158873015187,191.98676661770378,6070800,-0.17003408601332648,1.202341510518456
2024-06-11,187.28439331054688,190.73406643708634,186.55206613579313,190.70515975277357,9235300,-2.6301405507635267,2.232967855660457
2024-06-12,184.5574493408203,189.5585124576343,184.3454571494998,188.86472250482188,12751300,-1.4560444260856564,2.824624704531761
2024-06-13,186.60989379882812,187.4963998266889,183.93109968979465,185.31867945628954,8587800,1.1120897397197904,1.9105632956084135
2024-06-14,186.7255096435547,187.76619440766876,184.45142398196433,184.48033066680375,6874000,0.06195590296578235,1.775210270965168
2024-06-17,187.88185119628906,188.46001439214388,185.6270411983969,186.43645790995294,8725400,0.6192734752427542,1.5078482438344856
2024-06-18,189.8282928466797,190.75335089548557,187.0627787676238,187.5156697796133,9023000,1.0359923739292398,1.9441633660176083
2024-06-20,191.43748474121094,192.18908793135557,188.97068301937233,189.24048853874228,8731100,0.8477091957155958,1.6811780181577016
2024-06-21,189.15379333496094,189.99211668717973,187.1495129968505,189.54887100568703,20972100,-1.1929175779430756,1.50280025592479
2024-06-24,191.63986206054688,191.97711163596483,189.92466338718907,190.6088079023479,9785900,1.3143107953344169,1.0709923429851502
2024-06-25,190.85935974121094,192.78655066041756,190.54137147514587,190.8786210640271,6862500,-0.4072755589279997,1.1763526757691984
2024-06-26,190.2426300048828,190.7340730618656,189.13450119227616,190.2619060295269,7758600,-0.32313308457303513,0.840806221796014
2024-06-27,191.91929626464844,192.5841794508362,189.73193056452473,190.25228032036694,7913500,0.8813304671632105,1.4861709801073515
2024-06-28,194.8968048095703,195.2244384276402,192.04457059358026,192.72871510952479,15307600,1.5514378193717482,1.6315648874628386
2024-07-01,197.9706573486328,199.55095309963178,195.28223285090388,195.4556729524938,10205800,1.5771692830294892,2.156238861807963
2024-07-02,201.22763061523438,201.25653730118145,197.3154356152056,197.81649464048778,7802900,1.6451798009974317,1.9585290916194371
2024-07-03,201.09274291992188,202.72122163240437,200.0905953876403,201.92143562022005,5560900,-0.06703239256959925,1.3081656784658946
2024-07-05,198.42816162109375,200.92801531072178,198.166559856373,200.55983012100543,8093100,-1.3250509491977036,1.3916650901709622
2024-07-08,198.79635620117188,200.47260930809625,197.63363736853518,198.6703899428391,8707000,0.18555560716286834,1.4280804707950383
2024-07-09,201.179931640625,203.24375265338338,199.06764614749306,199.2420620947068,9058900,1.1990035858811643,2.075806702902279
2024-07-10,201.3446502685547,201.5093674070047,199.19361387387812,199.73621498518906,8328500,0.08187627194542468,1.1501440589744083
2024-07-11,201.00552368164062,201.6353401799566,198.99983630998767,199.80405397767697,10658100,-0.16843089024800584,1.3111599232183864
2024-07-12,198.57350158691406,201.00552262843246,195.8217302851147,197.66270050334498,15443400,-1.209927991122517,2.610515653846615
2024-07-15,203.5247802734375,205.03631636354487,200.2982252573514,200.75362584664956,10719700,2.493423667787975,2.328016814378971
2024-07-16,206.9838409423828,207.1001231684869,201.61594881913035,203.4763018043115,11557000,1.6995771543386606,2.6495664223774624
2024-07-17,210.13287353515625,210.80144087514543,206.6447173220578,207.15825155441482,11572500,1.5213905483810297,1.9781405370598477
2024-07-18,203.4569091796875,209.91001798904472,202.73990694627264,208.93139924044766,12415100,-3.1770204457570617,3.524142321674431
2024-07-19,203.26315307617188,205.75332275483197,202.42986850793523,204.63903879865143,8095900,-0.0952320097148962,1.6350500307605167
2024-07-22,203.74761962890625,205.5789059089919,203.1953344509871,203.92203559046192,7663200,0.23834450337036905,1.1698646896322538
2024-07-23,203.7960662841797,204.91033543415375,202.84651428252,204.46463368807304,5557300,0.02377777731179531,1.0126893954645342
2024-07-24,202.110107421875,205.4432455165605,201.6062719683225,203.04029133995283,7119000,-0.827277431328699,1.8984570327444785
2024-07-25,202.1876220703125,203.66040709970025,201.58688722802887,202.16823923465998,6403800,0.03835268281546789,1.025542439462637
2024-07-26,205.646728515625,206.53814676283224,202.13917446481165,202.739924098082,8027800,1.7108398673928438,2.1390917958057196
2024-07-29,204.29989624023438,206.97415080531783,204.00921286071488,206.04396694780962,6533600,-0.6549252133073891,1.4512674745152627
2024-07-30,208.50506591796875,209.08641788232848,206.34434562012905,206.60594735094418,8850700,2.0583317735950013,1.315110618596783
2024-07-31,206.1893310546875,209.667803483179,206.06336479793686,208.10781784368027,9071600,-1.1106372178948942,1.7481208493208313
2024-08-01,201.49966430664062,207.18730619646956,199.96874572478347,206.57687261164608,10918600,-2.274446851376144,3.5824181129656574
2024-08-02,192.95367431640625,198.31188254529528,190.7735710295601,197.54643056321328,18041700,-4.2411931650809915,3.9067986357045643
2024-08-05,188.84539794921875,190.07594935886874,184.96965851641983,188.02181219061254,13927000,-2.1291516638603736,2.7039530207784117
2024-08-06,194.1164093017578,196.306211581429,187.9733657428374,189.32986865387653,10605800,2.7911780799426467,4.292705530956968
2024-08-07,194.17454528808594,199.3583528433658,193.98076126779304,197.1879333756755,9204400,0.02994903240649549,2.7694626850261543
2024-08-08,197.72084045410156,198.54444097938318,195.5213542345817,196.18023761176147,7761200,1.8263440044389956,1.5289671730397316
2024-08-09,199.4067840576172,200.0559685970376,196.59686427717244,197.14916420781512,5540200,0.8526888716654968,1.7346974107288538
2024-08-12,199.78466796875,200.70515306806914,197.33326411745605,199.99783480666875,6936000,0.18950403965374285,1.6877616209971174
2024-08-13,201.48031616210938,201.62565047648485,199.0192133503523,201.27683333721112,6387800,0.8487378989585848,1.293643555748366
2024-08-14,203.7088623046875,204.2126977671037,200.6857756063299,201.28652524962934,6999800,1.1060862842725783,1.7313543067647978
2024-08-15,204.97816467285156,207.2454686093335,204.54214695964689,206.38311720863197,7001000,0.6230962923279959,1.3188339616569205
2024-08-16,207.322998046875,207.43926550167882,205.01692829477958,205.11382769696473,7931200,1.1439430037661902,1.168388085122887
2024-08-19,208.7570037841797,208.83452034386772,207.1776500829486,207.35205125366764,6090800,0.6916771177409187,0.7936836757017578
2024-08-20,207.85589599609375,209.28991535042542,207.04197953330453,208.3209805571364,5640000,-0.43165391903091654,1.081487636589888
2024-08-21,207.93341064453125,208.32097864437964,206.22807596174675,207.7686787205856,5202300,0.037292494430340994,1.0065254429990405
2024-08-22,209.90036010742188,210.0650772568238,207.68149103391474,207.91404071912638,5247100,0.945951618257812,1.1355798635548782
2024-08-23,211.5281524658203,212.38081981547876,209.77438285463143,210.8402170417045,7214000,0.7755071775795708,1.2321938855247616
2024-08-26,212.36143493652344,212.85558635408168,211.27623270905207,212.20640182266425,5105200,0.3939345477135925,0.7437101964872741
2024-08-27,213.34007263183594,213.57262232321077,212.38083657255706,212.69088804295066,5185200,0.4608358836928339,0.5586319231785345
2024-08-28,214.41558837890625,215.30702145952048,212.38083404647628,212.43896777243532,6506400,0.5041320806740135,1.3647269935771498
2024-08-29,215.30699157714844,216.05306066977315,212.13857088917027,215.24884307448718,6416100,0.41573619016306296,1.8180969191612364
2024-08-30,217.81655883789062,218.47542744404245,215.03570574430626,215.58800570955643,8574100,1.1655762975272266,1.579182830767334
2024-09-03,213.4563446044922,217.13829989127248,212.42927605699902,215.39421425176897,8956100,-2.001782718752576,2.2060828611108736
2024-09-04,212.5164794921875,215.1713662670712,210.46234236965944,214.173349783352,7389500,-0.4403078831159313,2.2158394062728988
2024-09-05,210.86927795410156,213.94079938958222,209.31897641386968,213.31098292052562,8067900,-0.7750935560489003,2.1917953248355824
2024-09-06,205.8599090576172,211.94481886056704,204.53245823160665,210.84023369977098,7777000,-2.3755802386608127,3.600681970031267
2024-09-09,210.0747528076172,211.373121898597,207.52644953811344,208.5050831538885,8935100,2.0474330185487055,1.8310969352924897
2024-09-10,199.1742401123047,211.84790938798793,194.37801568910027,211.80915850031667,28406900,-5.188873269933103,8.771161214942873
2024-09-11,200.7923583984375,201.247758946142,195.5601162898296,198.8738715965842,13658700,0.8124134352014867,2.832599159489055
2024-09-12,200.18194580078125,202.29421667579123,198.52506070300046,201.1993155648375,9054400,-0.30400190650931025,1.8828650894131036
2024-09-13,197.97279357910156,201.39313272660013,196.71317520306332,200.4338818157026,10226700,-1.103572159238686,2.3639397307726027
2024-09-16,201.4027862548828,201.74191934565195,199.2033001395087,199.43584981187368,8634900,1.7325575973199392,1.2604687618027886
2024-09-17,202.7495880126953,203.40845651862745,201.20898537255664,201.27680311415773,7573300,0.6687105887939859,1.084821511910093
2024-09-18,201.0830535888672,204.77469310004415,200.27883586779294,202.5170730652925,8259900,-0.8219668607779229,2.2358210460854675
2024-09-19,203.94140625,205.32699079506264,200.89895136522324,203.26315480143947,11635200,1.4214786428382808,2.1712311939299482
2024-09-20,204.53244018554688,204.85219043871982,202.99183742598126,203.40847228677623,20885000,0.2898057566703027,0.9095637890257847
2024-09-23,204.87158203125,205.22039916009663,203.4666294901187,204.4452483421294,7223500,0.16581323011424232,0.8560336443882349
2024-09-24,205.01690673828125,206.33465863167038,203.83480512282463,204.59057306913016,7323200,0.07093453644979597,1.219340174728608
2024-09-25,203.660400390625,205.64671961358323,202.12948168948355,205.104103726589,8976500,-0.6616558454800692,1.7270111996998616
2024-09-26,203.26315307617188,205.12350622705011,202.51706909670156,204.57122104675736,7807500,-0.19505378251795102,1.282296909647861
2024-09-27,203.9607696533203,205.84050547792145,202.82711774343403,204.10610395531677,7032500,0.3432085779398575,1.4774349692881579
2024-09-30,204.3095703125,204.40646969587647,198.88353010836047,199.9009144947329,8663800,0.1710136021611186,2.703221184924635
2024-10-01,200.60824584960938,202.5945650610437,199.7846601759315,202.41046509140656,8540100,-1.8116255920999191,1.4006926152072174
2024-10-02,200.85049438476562,202.4589297507457,199.30020752778822,200.64702634995896,5810900,0.12075701780367432,1.5726733621608056
2024-10-03,198.8544921875,200.07535954271492,197.99214077513295,199.76529329860566,7251300,-0.9937750979302606,1.0476096087473348
2024-10-04,205.91256713867188,206.35125678113758,201.7108691151778,204.04081375554424,10211700,3.5493666115004485,2.253571858406642
2024-10-07,205.62986755371094,207.9695706868028,204.4210350665532,205.7273607625221,6718900,-0.13729107887356928,1.7256907580912146
2024-10-08,205.4543914794922,206.01981934784965,203.1439482784904,205.28866492977315,6021800,-0.08533588836403538,1.3997613040295172
2024-10-09,208.05728149414062,208.85668406253154,204.1188032466524,204.43075470295543,7024000,1.2668943194179771,2.277200193069225
2024-10-10,207.49185180664062,209.41235175203676,206.15628129018555,209.41235175203676,7927100,-0.271766353688474,1.5692522060507248
2024-10-11,216.7043914794922,218.98560432950427,209.75356099050913,210.250740587431,18320700,4.439952505429767,4.260201316625747
2024-10-14,215.91473388671875,218.07895179372093,213.3800745848573,217.59151559620463,9048900,-0.36439390424082285,2.1762651970425146
2024-10-15,216.80189514160156,219.7850026178934,216.24622555061282,218.0399873843424,9235800,0.41088500025583397,1.6322629767462509
2024-10-16,218.02049255371094,218.0594809098427,215.48581801928876,216.74341191631046,6382500,0.5620787638011437,1.1804683405711998
2024-10-17,218.78086853027344,220.17494383765737,217.698759540062,218.63464361620677,6470200,0.3487635348659701,1.1318102511567252
2024-10-18,219.70700073242188,220.24318355850107,217.4940509667263,219.34630268368366,7000500,0.4233149856155194,1.2512721864165413
2024-10-21,217.3965606689453,220.0287133611628,217.29906747185922,219.56077874097096,5870000,-1.051600566105959,1.2556067496671799
2024-10-22,218.4884033203125,219.6192589043824,215.54429930452827,217.41605257710637,9586800,0.5022354760385817,1.8650690553494003
2024-10-23,217.79627990722656,219.15135215634845,216.93838730333658,218.03999804466125,6180500,-0.3167781001498948,1.016071006334228
2024-10-24,219.32681274414062,219.40480432984663,216.09024375189844,216.25597029325846,6002200,0.702735986843317,1.5112427598238258
2024-10-25,216.72389221191406,219.95071764481568,215.32983174709776,219.34630148528674,6369700,-1.1867771658465864,2.1321534282891124
2024-10-28,219.833740234375,219.9702217840732,217.34781248059676,217.7377703907154,6843000,1.4349354797578595,1.1929057389828204
2024-10-29,217.29905700683594,221.0523217832945,217.21132205890774,219.55102479793467,6580000,-1.1530000921772587,1.7676099368741989
2024-10-30,218.7711181640625,220.62336976807137,216.01222749571963,216.9480966665593,7110900,0.6774355938324428,2.107747270777178
2024-10-31,216.3436737060547,220.01894669146088,216.24619539466497,219.05381769386045,7829900,-1.1095817758665083,1.7438694795956637
2024-11-01,217.3380889892578,220.4674215490432,217.10411422178686,217.94250521100616,6923500,0.459646111285994,1.5475001841129523
2024-11-04,214.25747680664062,218.1374651905702,213.6628039867737,217.0553561208246,8229600,-1.4174285772658335,2.0884504337903294
2024-11-05,215.92449951171875,216.38269074307593,214.47193423833403,214.5011792211549,5600700,0.7780464560322109,0.8849188068342361
2024-11-06,240.8520050048828,241.7683875636112,228.87082815022177,229.09504466713162,23987800,11.544547075266554,5.354972823717192
2024-11-07,230.44036865234375,238.42457688855603,229.30951297075987,238.3563286726829,16451100,-4.322835656829172,3.9554978891514008
2024-11-08,231.0252685546875,233.32596812691025,229.85542459219883,233.32596812691025,9502100,0.2538183330309529,1.502235472519271
2024-11-11,233.2772216796875,236.01662575555932,232.99451521475842,233.96938766335575,9017100,0.9747648554153443,1.29550177211496
2024-11-12,233.5404510498047,235.3927177038515,232.76055008364676,234.5055801689047,6861000,0.1128397227221134,1.127071395286209
2024-11-13,235.10025024414062,237.95661946303818,234.2716026881157,234.53482242214545,11472600,0.6678925159750104,1.5674235867872348
2024-11-14,235.79238891601562,238.15157840188607,234.9930012618911,236.32857172538908,10172200,0.29440150368034157,1.3395585644284704
2024-11-15,239.1459503173828,240.22805929564407,235.39270043585103,235.39270043585103,11518800,1.4222517600267714,2.021927970503283
2024-11-18,238.8730010986328,241.7001253228993,236.58204483473264,241.53439878737493,9051400,-0.11413499513069914,2.142594794986214
2024-11-19,236.98171997070312,238.98995466536508,235.4804230716575,236.16283075304187,6792700,-0.7917517338632885,1.4809292438849055
2024-11-20,234.7297821044922,238.4635452900603,232.64355570287003,238.25881553494594,9015300,-0.9502580479580192,2.4794423336530174
2024-11-21,238.6097869873047,239.32145462031437,236.02638082065624,237.1182332570701,8783500,1.652966593342331,1.3809466247222468
2024-11-22,242.30455017089844,242.88946471506705,236.9232500873834,237.48867789284088,7997300,1.5484541645353067,2.4622792363889405
2024-11-25,244.00082397460938,247.91981546916972,242.80173500159685,243.31841622067435,10295400,0.7000585843371709,2.0975668787517914
2024-11-26,243.68887329101562,244.6929907482795,242.09982639974197,244.19581114213256,6212100,-0.12784820908072758,1.0641291551464254
2024-11-27,243.5133819580078,244.8782123088469,242.51902277247098,243.08445057669923,5472300,-0.07201450383753638,0.9688130965971974
2024-11-29,243.44515991210938,245.443651495947,243.18194017414328,243.58164146598557,5494800,-0.028015727657304534,0.9290434538194385
2024-12-02,240.06234741210938,243.96183731931117,238.87300180038295,243.27942956062554,8899700,-1.3895583305995052,2.1197974500317356
2024-12-03,238.6682891845703,242.78223739052356,238.48306103215356,241.99259305685098,6657700,-0.5807067382982423,1.8013186305807494
2024-12-04,237.28396606445312,239.18497938393276,236.1433669979899,238.55130331898147,7346300,-0.5800197105559568,1.2818448866944008
2024-12-05,239.31167602539062,240.96895615412842,238.47328515432952,239.22394107821938,6572500,0.8545499279065227,1.0428538386627306
2024-12-06,241.1444549560547,241.5149112550535,238.6877721646976,239.52616308454475,5519700,0.7658543707953491,1.1723840346530494
2024-12-09,237.68365478515625,241.64163463753476,237.63490818652937,240.92023852920124,7076500,-1.4351564382971693,1.6857391622604831
2024-12-10,236.7575225830078,241.72937800255815,236.13360481323514,237.761640011308,9108300,-0.389649091766775,2.363503861788011
2024-12-11,237.4106903076172,238.13210128714388,236.09460652918457,237.8688815563827,7884400,0.2758804524913838,0.8582152536262334
2024-12-12,235.4609375,237.96636679243073,234.9832446528022,236.89400116622053,6113800,-0.8212573768649034,1.2669286767061032
2024-12-13,233.910888671875,236.62103278438437,233.13098776801226,235.98737166739292,10392700,-0.6583040246856187,1.4920404245344325
2024-12-16,233.5599365234375,234.62254389276222,231.55170171524648,234.564053927533,9032000,-0.1500366872316916,1.31479834393926
2024-12-17,232.37060546875,233.01402487713747,230.68408023952856,232.65331194344375,8083600,-0.5092187780108226,1.0026847556337142
2024-12-18,224.5813751220703,233.06277785005994,223.7624857846589,232.99452963425534,11322400,-3.352072148268004,4.141168011081017
2024-12-19,227.1062774658203,230.42083762629233,226.43361313978184,226.43361313978184,11790800,1.124270586720555,1.7556645862026272
2024-12-20,231.6296844482422,233.19922958190156,225.77069189865415,226.0924015705017,32348400,1.9917577941466869,3.207074991680233
2024-12-23,232.3998565673828,232.62407307909908,228.97805941972783,230.1381600842092,8611500,0.33250147578245404,1.5688536616261257
2024-12-24,236.22134399414062,236.3968287725742,233.06276673606905,233.41370654218963,3729100,1.6443587716457042,1.4114143879343286
2024-12-26,237.03050231933594,237.14748226082733,234.73954596263567,235.36346377621322,4451800,0.34254242716331706,1.0158761318185117
2024-12-27,235.1099853515625,237.274203365589,234.00837473058,236.62104061366176,5730200,-0.8102404327633983,1.3890641990920003
2024-12-30,233.30648803710938,234.78828348998326,231.15201332053348,232.77030520037115,5723800,-0.7670866517031749,1.5585808178945257
